week_date,dist_TRA_int,pCO2,Tem
2016-01-11T00:00:00Z,70,407.11624203821657,2.836687898089172
2016-01-11T00:00:00Z,90,403.9911585365854,2.981219512195122
2016-01-11T00:00:00Z,110,411.60329545454545,3.277215909090909
2016-01-11T00:00:00Z,130,417.2267901234568,3.3925925925925924
2016-01-11T00:00:00Z,150,416.307898089172,3.499235668789809
2016-01-11T00:00:00Z,170,417.9785806451613,3.742451612903226
2016-01-11T00:00:00Z,190,416.9009395973154,3.953758389261745
2016-01-11T00:00:00Z,210,415.77060402684566,4.157718120805369
2016-01-11T00:00:00Z,230,416.55319727891157,4.210612244897959
2016-01-11T00:00:00Z,250,417.37993377483446,4.279139072847682
2016-01-11T00:00:00Z,270,415.7624342105263,4.268815789473684
2016-01-11T00:00:00Z,290,414.12611842105264,4.486644736842106
2016-01-11T00:00:00Z,310,422.1385616438356,4.830684931506849
2016-01-11T00:00:00Z,330,425.10641379310346,4.820758620689655
2016-01-11T00:00:00Z,350,429.01972222222224,4.289930555555555
2016-01-11T00:00:00Z,370,430.81388888888887,4.2657638888888885
2016-01-11T00:00:00Z,390,446.24659722222225,4.088680555555555
2016-01-11T00:00:00Z,410,454.860275862069,4.100206896551724
2016-01-11T00:00:00Z,430,466.39173611111113,3.8811805555555554
2016-01-11T00:00:00Z,450,447.3968493150685,4.146438356164383
2016-01-11T00:00:00Z,470,453.72285714285715,4.1446938775510205
2016-01-11T00:00:00Z,490,476.26355263157893,3.8083720930232556
2016-01-11T00:00:00Z,510,514.8547826086957,3.8282608695652174
2016-01-11T00:00:00Z,530,475.79239726027396,3.756095890410959
2016-01-11T00:00:00Z,550,451.6260689655172,3.732965517241379
2016-01-11T00:00:00Z,570,443.51754966887415,3.6202649006622516
2016-01-11T00:00:00Z,590,460.53851612903225,3.9116129032258065
2016-01-11T00:00:00Z,610,460.84402597402595,4.0933116883116885
2016-01-11T00:00:00Z,630,462.0390728476821,4.311456953642384
2016-01-11T00:00:00Z,650,464.1240522875817,4.536470588235294
2016-01-11T00:00:00Z,670,458.91245033112585,4.731125827814569
2016-01-11T00:00:00Z,690,458.02205298013246,4.732649006622516
2016-01-11T00:00:00Z,710,455.0636912751678,4.805771812080537
2016-01-11T00:00:00Z,730,455.3645333333333,4.768
2016-01-11T00:00:00Z,750,459.851,4.612333333333333
2016-01-11T00:00:00Z,770,463.6929801324503,4.49887417218543
2016-01-11T00:00:00Z,790,473.84706666666665,4.4472
2016-01-11T00:00:00Z,810,474.9033774834437,4.543112582781457
2016-01-11T00:00:00Z,830,484.43306666666666,4.368266666666667
2016-01-11T00:00:00Z,850,478.81362416107385,4.290201342281879
2016-01-11T00:00:00Z,870,467.809387755102,4.574965986394558
2016-01-11T00:00:00Z,890,467.8388888888889,4.539722222222222
2016-01-11T00:00:00Z,910,467.47993006993005,4.260909090909091
2016-01-11T00:00:00Z,930,460.5594520547945,3.9085616438356166
2016-01-11T00:00:00Z,950,459.94793103448274,3.3096551724137933
2016-01-11T00:00:00Z,970,461.7436486486487,3.0319594594594594
2016-01-11T00:00:00Z,990,454.13376712328767,2.2108219178082194
2016-01-11T00:00:00Z,1010,455.93619047619046,2.0353061224489797
2016-01-11T00:00:00Z,1030,461.2467123287671,2.0473972602739727
2016-01-11T00:00:00Z,1050,458.89159722222223,1.990625
2016-01-11T00:00:00Z,1070,450.6282456140351,1.2213157894736841
2016-01-11T00:00:00Z,1090,441.32125,0.9227083333333334
2016-01-25T00:00:00Z,70,412.4338076923077,3.2152307692307693
2016-01-25T00:00:00Z,90,414.64548638132294,3.3864591439688714
2016-01-25T00:00:00Z,110,417.26296028880864,3.409530685920578
2016-01-25T00:00:00Z,130,411.92633858267715,3.265236220472441
2016-01-25T00:00:00Z,150,409.516374501992,3.2474900398406374
2016-01-25T00:00:00Z,170,410.4333196721311,3.444344262295082
2016-01-25T00:00:00Z,190,412.1508547008547,3.4421794871794873
2016-01-25T00:00:00Z,210,413.8405172413793,3.599353448275862
2016-01-25T00:00:00Z,230,418.36969827586205,3.835646551724138
2016-01-25T00:00:00Z,250,421.9532365145228,3.9095020746887967
2016-01-25T00:00:00Z,270,423.5188477366255,4.018312757201646
2016-01-25T00:00:00Z,290,426.24569620253163,4.24042194092827
2016-01-25T00:00:00Z,310,432.6028820960699,4.504410480349345
2016-01-25T00:00:00Z,330,434.92873362445414,4.5317903930131
2016-01-25T00:00:00Z,350,449.6966233766234,4.3852813852813854
2016-01-25T00:00:00Z,370,472.8440869565217,3.9685652173913044
2016-01-25T00:00:00Z,390,483.6187982832618,3.81206008583691
2016-01-25T00:00:00Z,410,485.68259574468084,3.569446808510638
2016-01-25T00:00:00Z,430,493.7169658119658,3.4082051282051284
2016-01-25T00:00:00Z,450,494.2373895582329,3.552128514056225
2016-01-25T00:00:00Z,470,495.45762711864404,3.5470053475935828
2016-01-25T00:00:00Z,490,503.0332738095238,3.546685393258427
2016-01-25T00:00:00Z,510,503.0485945945946,3.5441081081081083
2016-01-25T00:00:00Z,530,494.06555555555553,3.515515873015873
2016-01-25T00:00:00Z,550,494.64113360323887,3.5446963562753036
2016-01-25T00:00:00Z,570,492.3086561264822,3.554624505928854
2016-01-25T00:00:00Z,590,488.57983739837397,3.636951219512195
2016-01-25T00:00:00Z,610,487.0402066115702,3.607231404958678
2016-01-25T00:00:00Z,630,477.95591666666667,3.8182916666666666
2016-01-25T00:00:00Z,650,470.9820661157025,3.9407024793388428
2016-01-25T00:00:00Z,670,467.7826778242678,4.055941422594143
2016-01-25T00:00:00Z,690,466.31694560669456,4.094518828451883
2016-01-25T00:00:00Z,710,462.4506779661017,4.3501271186440675
2016-01-25T00:00:00Z,730,466.1191525423729,4.373983050847458
2016-01-25T00:00:00Z,750,470.60648305084743,4.327627118644068
2016-01-25T00:00:00Z,770,470.60224576271185,4.341737288135593
2016-01-25T00:00:00Z,790,467.7354201680672,4.309201680672269
2016-01-25T00:00:00Z,810,473.56054166666667,4.147375
2016-01-25T00:00:00Z,830,480.36911764705883,4.085
2016-01-25T00:00:00Z,850,479.72158333333334,4.085791666666666
2016-01-25T00:00:00Z,870,468.02042016806723,4.042521008403361
2016-01-25T00:00:00Z,890,460.6479310344828,3.8748706896551726
2016-01-25T00:00:00Z,910,447.73301310043666,3.337161572052402
2016-01-25T00:00:00Z,930,443.6331465517241,2.8803879310344827
2016-01-25T00:00:00Z,950,440.3473728813559,2.5866101694915256
2016-01-25T00:00:00Z,970,440.1057383966245,2.39
2016-01-25T00:00:00Z,990,440.41349593495937,1.8876422764227643
2016-01-25T00:00:00Z,1010,438.5808032128514,1.6360642570281125
2016-01-25T00:00:00Z,1030,441.38414937759336,1.403609958506224
2016-01-25T00:00:00Z,1050,445.0510612244898,1.3207755102040817
2016-01-25T00:00:00Z,1070,448.60441624365484,0.9817258883248731
2016-01-25T00:00:00Z,1090,450.464765625,0.95796875
2016-02-08T00:00:00Z,70,398.61883720930234,3.5225968992248062
2016-02-08T00:00:00Z,90,395.0620740740741,3.4440370370370372
2016-02-08T00:00:00Z,110,391.93174657534246,3.4861301369863016
2016-02-08T00:00:00Z,130,391.9727037037037,3.485074074074074
2016-02-08T00:00:00Z,150,392.56958333333336,3.570606060606061
2016-02-08T00:00:00Z,170,394.61984251968505,3.6444094488188976
2016-02-08T00:00:00Z,190,385.3850622406639,3.6956016597510373
2016-02-08T00:00:00Z,210,377.22855319148937,3.63931914893617
2016-02-08T00:00:00Z,230,407.2495378151261,4.00390756302521
2016-02-08T00:00:00Z,250,411.9473770491803,3.9646311475409837
2016-02-08T00:00:00Z,270,417.49739837398374,4.074105691056911
2016-02-08T00:00:00Z,290,424.17305439330545,4.105355648535565
2016-02-08T00:00:00Z,310,432.0671120689655,4.112715517241379
2016-02-08T00:00:00Z,330,449.23348936170214,3.989744680851064
2016-02-08T00:00:00Z,350,470.2368103448276,3.881206896551724
2016-02-08T00:00:00Z,370,483.6233474576271,3.7698305084745765
2016-02-08T00:00:00Z,390,479.98957081545063,3.6635193133047212
2016-02-08T00:00:00Z,410,479.2324034334764,3.5648068669527895
2016-02-08T00:00:00Z,430,484.58266949152545,3.491228813559322
2016-02-08T00:00:00Z,450,474.24543209876543,3.4926337448559672
2016-02-08T00:00:00Z,470,475.09803827751193,3.4420095693779906
2016-02-08T00:00:00Z,490,486.4801324503311,3.4272185430463575
2016-02-08T00:00:00Z,510,479.09360544217685,3.3927891156462584
2016-02-08T00:00:00Z,530,480.9095161290323,3.369233870967742
2016-02-08T00:00:00Z,550,478.62897959183675,3.3770204081632653
2016-02-08T00:00:00Z,570,478.64585365853657,3.4040243902439022
2016-02-08T00:00:00Z,590,471.2396326530612,3.5870204081632653
2016-02-08T00:00:00Z,610,459.8358436213992,3.6774074074074075
2016-02-08T00:00:00Z,630,452.6265702479339,3.747809917355372
2016-02-08T00:00:00Z,650,447.6080497925311,3.7938174273858922
2016-02-08T00:00:00Z,670,446.7561666666667,3.8412083333333333
2016-02-08T00:00:00Z,690,449.426694214876,3.864917355371901
2016-02-08T00:00:00Z,710,446.4012033195021,3.811784232365145
2016-02-08T00:00:00Z,730,446.68789915966386,3.911218487394958
2016-02-08T00:00:00Z,750,447.9745798319328,4.027100840336135
2016-02-08T00:00:00Z,770,448.2116317991632,3.8960669456066945
2016-02-08T00:00:00Z,790,450.5575732217573,3.953054393305439
2016-02-08T00:00:00Z,810,443.6768907563025,3.9694957983193278
2016-02-08T00:00:00Z,830,436.97912133891214,3.8892050209205022
2016-02-08T00:00:00Z,850,434.4416525423729,3.655635593220339
2016-02-08T00:00:00Z,870,438.20118143459916,3.5555274261603373
2016-02-08T00:00:00Z,890,434.25151515151515,3.2083982683982684
2016-02-08T00:00:00Z,910,429.77538793103446,2.8261206896551725
2016-02-08T00:00:00Z,930,428.0910775862069,2.646034482758621
2016-02-08T00:00:00Z,950,429.2456779661017,2.624745762711864
2016-02-08T00:00:00Z,970,428.32620253164555,2.4325316455696204
2016-02-08T00:00:00Z,990,433.49856540084386,2.2455696202531645
2016-02-08T00:00:00Z,1010,431.82676470588234,2.0855462184873947
2016-02-08T00:00:00Z,1030,434.7916170212766,1.86
2016-02-08T00:00:00Z,1050,450.0486440677966,1.6947033898305084
2016-02-08T00:00:00Z,1070,453.39581395348836,1.4415116279069768
2016-02-08T00:00:00Z,1090,452.81703125,1.177890625
2016-02-22T00:00:00Z,70,264.2073404255319,3.3929787234042554
2016-02-22T00:00:00Z,90,274.3171875,3.4541666666666666
2016-02-22T00:00:00Z,110,263.33066037735847,3.4220754716981134
2016-02-22T00:00:00Z,130,266.0596907216495,3.4251546391752576
2016-02-22T00:00:00Z,150,306.69132653061223,3.5622448979591836
2016-02-22T00:00:00Z,170,331.0470652173913,3.6456521739130436
2016-02-22T00:00:00Z,190,321.80227272727274,3.6818181818181817
2016-02-22T00:00:00Z,210,277.35426966292135,3.579438202247191
2016-02-22T00:00:00Z,230,294.2520224719101,3.642359550561798
2016-02-22T00:00:00Z,250,361.72483516483516,3.804065934065934
2016-02-22T00:00:00Z,270,366.588064516129,3.7553763440860215
2016-02-22T00:00:00Z,290,393.24730337078654,3.77876404494382
2016-02-22T00:00:00Z,310,386.8173255813953,3.719767441860465
2016-02-22T00:00:00Z,330,380.8859770114943,3.8704597701149424
2016-02-22T00:00:00Z,350,387.392183908046,3.7998850574712644
2016-02-22T00:00:00Z,370,432.16402298850574,3.5644827586206898
2016-02-22T00:00:00Z,390,434.60966292134833,3.2396629213483146
2016-02-22T00:00:00Z,410,426.0140909090909,3.2410227272727274
2016-02-22T00:00:00Z,430,429.9,3.2332954545454546
2016-02-22T00:00:00Z,450,428.84550561797755,3.2176404494382025
2016-02-22T00:00:00Z,470,436.36426966292134,3.216516853932584
2016-02-22T00:00:00Z,490,436.19780487804877,3.1870731707317073
2016-02-22T00:00:00Z,510,423.3311111111111,3.0767272727272728
2016-02-22T00:00:00Z,530,418.4760227272727,3.0195454545454545
2016-02-22T00:00:00Z,550,420.5755555555556,3.0184444444444445
2016-02-22T00:00:00Z,570,446.26693181818183,3.303068181818182
2016-02-22T00:00:00Z,590,443.49638297872343,3.4598936170212764
2016-02-22T00:00:00Z,610,435.4654838709677,3.570537634408602
2016-02-22T00:00:00Z,630,426.2919565217391,3.701195652173913
2016-02-22T00:00:00Z,650,424.422688172043,3.6661290322580644
2016-02-22T00:00:00Z,670,421.83934782608696,3.5208695652173914
2016-02-22T00:00:00Z,690,418.26274725274726,3.475164835164835
2016-02-22T00:00:00Z,710,417.6288043478261,3.4558695652173914
2016-02-22T00:00:00Z,730,414.4630434782609,3.433695652173913
2016-02-22T00:00:00Z,750,411.391,3.348888888888889
2016-02-22T00:00:00Z,770,409.05,3.3835164835164835
2016-02-22T00:00:00Z,790,412.49901098901097,3.3485714285714288
2016-02-22T00:00:00Z,810,412.17224719101125,3.343258426966292
2016-02-22T00:00:00Z,830,411.4239344262295,3.2724590163934426
2016-02-22T00:00:00Z,850,417.3325,3.1505
2016-02-22T00:00:00Z,870,404.226935483871,2.6779032258064515
2016-02-22T00:00:00Z,890,401.65241379310345,2.5406896551724136
2016-02-22T00:00:00Z,910,416.46983050847456,2.405423728813559
2016-02-22T00:00:00Z,930,417.451724137931,2.1703448275862067
2016-02-22T00:00:00Z,950,415.5126666666667,1.8795
2016-02-22T00:00:00Z,970,417.7355,1.8136666666666668
2016-02-22T00:00:00Z,990,421.51474576271187,1.536779661016949
2016-02-22T00:00:00Z,1010,419.3006557377049,1.4245901639344263
2016-02-22T00:00:00Z,1030,417.6251724137931,1.2032758620689654
2016-02-22T00:00:00Z,1050,423.04186440677967,1.090677966101695
2016-02-22T00:00:00Z,1070,420.8622641509434,0.8460377358490566
2016-02-22T00:00:00Z,1090,416.10470588235296,0.8094117647058824
2016-03-07T00:00:00Z,70,232.40989304812834,3.7872192513368983
2016-03-07T00:00:00Z,90,237.20854922279793,3.7720725388601037
2016-03-07T00:00:00Z,110,249.7770754716981,3.790801886792453
2016-03-07T00:00:00Z,130,254.3114871794872,3.8014358974358973
2016-03-07T00:00:00Z,150,257.5280829015544,3.8383937823834198
2016-03-07T00:00:00Z,170,261.6593548387097,3.8341397849462364
2016-03-07T00:00:00Z,190,272.89198895027624,3.8731491712707182
2016-03-07T00:00:00Z,210,233.85056179775282,3.826629213483146
2016-03-07T00:00:00Z,230,237.92514285714284,3.8766285714285713
2016-03-07T00:00:00Z,250,312.86860215053764,3.939731182795699
2016-03-07T00:00:00Z,270,346.23027322404374,3.791584699453552
2016-03-07T00:00:00Z,290,342.2183888888889,3.8596666666666666
2016-03-07T00:00:00Z,310,339.5664606741573,3.690505617977528
2016-03-07T00:00:00Z,330,349.7562427745665,3.5028323699421966
2016-03-07T00:00:00Z,350,321.4242857142857,3.7365142857142857
2016-03-07T00:00:00Z,370,330.3241040462428,3.7308092485549134
2016-03-07T00:00:00Z,390,362.97211428571427,3.4922285714285715
2016-03-07T00:00:00Z,410,374.76342857142856,3.4172
2016-03-07T00:00:00Z,430,376.69514285714286,3.392514285714286
2016-03-07T00:00:00Z,450,366.4491803278689,3.4082513661202185
2016-03-07T00:00:00Z,470,393.59546666666665,3.3372
2016-03-07T00:00:00Z,490,387.64070796460175,3.2660975609756098
2016-03-07T00:00:00Z,510,363.37944,3.21688
2016-03-07T00:00:00Z,530,380.4002150537634,3.137795698924731
2016-03-07T00:00:00Z,550,381.74251336898396,3.132727272727273
2016-03-07T00:00:00Z,570,393.9041397849462,3.283333333333333
2016-03-07T00:00:00Z,590,403.2903225806452,3.3552688172043013
2016-03-07T00:00:00Z,610,396.0654594594595,3.4843783783783784
2016-03-07T00:00:00Z,630,392.3895081967213,3.5571584699453553
2016-03-07T00:00:00Z,650,389.79736263736265,3.481868131868132
2016-03-07T00:00:00Z,670,392.1624864864865,3.4228108108108106
2016-03-07T00:00:00Z,690,391.93659340659343,3.4283516483516485
2016-03-07T00:00:00Z,710,396.4747802197802,3.413021978021978
2016-03-07T00:00:00Z,730,390.41344444444445,3.319722222222222
2016-03-07T00:00:00Z,750,386.9922222222222,3.2555
2016-03-07T00:00:00Z,770,378.1557541899441,3.215810055865922
2016-03-07T00:00:00Z,790,386.74263736263737,3.2704945054945056
2016-03-07T00:00:00Z,810,380.42835294117646,3.0539411764705884
2016-03-07T00:00:00Z,830,390.23622222222224,3.023833333333333
2016-03-07T00:00:00Z,850,401.3567403314917,2.891325966850829
2016-03-07T00:00:00Z,870,397.9618644067797,2.791412429378531
2016-03-07T00:00:00Z,890,398.85695402298853,2.589367816091954
2016-03-07T00:00:00Z,910,409.62375,2.2677272727272726
2016-03-07T00:00:00Z,930,408.4272988505747,2.038333333333333
2016-03-07T00:00:00Z,950,409.87212290502794,1.6577653631284917
2016-03-07T00:00:00Z,970,406.0772316384181,1.582542372881356
2016-03-07T00:00:00Z,990,407.1072067039106,1.4437988826815642
2016-03-07T00:00:00Z,1010,404.2449152542373,1.4333333333333333
2016-03-07T00:00:00Z,1030,405.736,1.2133888888888889
2016-03-07T00:00:00Z,1050,399.98823863636363,1.224375
2016-03-07T00:00:00Z,1070,404.9499230769231,1.006
2016-03-07T00:00:00Z,1090,412.0392857142857,0.8437755102040816
2016-03-21T00:00:00Z,70,275.91040178571427,5.385133928571428
2016-03-21T00:00:00Z,90,292.76272727272726,5.179047619047619
2016-03-21T00:00:00Z,110,292.9351550387597,5.029031007751938
2016-03-21T00:00:00Z,130,290.90521929824564,4.954517543859649
2016-03-21T00:00:00Z,150,277.37108225108227,4.730865800865801
2016-03-21T00:00:00Z,170,252.5537885462555,4.608898678414097
2016-03-21T00:00:00Z,190,250.78439814814814,4.5939351851851855
2016-03-21T00:00:00Z,210,245.55038647342994,4.621642512077295
2016-03-21T00:00:00Z,230,241.5764734299517,4.637391304347826
2016-03-21T00:00:00Z,250,245.71289099526066,4.602748815165877
2016-03-21T00:00:00Z,270,245.20635944700462,4.5360829493087556
2016-03-21T00:00:00Z,290,244.90241706161137,4.474691943127962
2016-03-21T00:00:00Z,310,245.61463054187192,4.419310344827586
2016-03-21T00:00:00Z,330,247.8328712871287,4.276930693069307
2016-03-21T00:00:00Z,350,244.4456796116505,4.275631067961165
2016-03-21T00:00:00Z,370,246.73808823529413,4.227696078431372
2016-03-21T00:00:00Z,390,264.56222772277226,4.062227722772278
2016-03-21T00:00:00Z,410,280.5833990147783,3.934285714285714
2016-03-21T00:00:00Z,430,276.75541463414635,3.897707317073171
2016-03-21T00:00:00Z,450,269.1557487922705,4.038164251207729
2016-03-21T00:00:00Z,470,286.7114903846154,3.8866826923076925
2016-03-21T00:00:00Z,490,277.9824369747899,3.7257142857142855
2016-03-21T00:00:00Z,510,281.7928048780488,3.6929268292682926
2016-03-21T00:00:00Z,530,284.0903381642512,3.650338164251208
2016-03-21T00:00:00Z,550,279.69797101449274,3.679951690821256
2016-03-21T00:00:00Z,570,304.1316826923077,3.8353365384615383
2016-03-21T00:00:00Z,590,328.9720737327189,3.946036866359447
2016-03-21T00:00:00Z,610,353.86341013824887,3.9278341013824885
2016-03-21T00:00:00Z,630,361.9096728971963,3.8815887850467288
2016-03-21T00:00:00Z,650,370.9316981132076,3.796698113207547
2016-03-21T00:00:00Z,670,365.0018518518518,3.7574537037037037
2016-03-21T00:00:00Z,690,368.37728571428573,3.7374761904761904
2016-03-21T00:00:00Z,710,355.3640566037736,3.591556603773585
2016-03-21T00:00:00Z,730,354.17285714285714,3.513333333333333
2016-03-21T00:00:00Z,750,341.56695652173914,3.3548309178743962
2016-03-21T00:00:00Z,770,336.37966666666665,3.244190476190476
2016-03-21T00:00:00Z,790,331.8553140096618,3.145893719806763
2016-03-21T00:00:00Z,810,333.14794520547946,2.952694063926941
2016-03-21T00:00:00Z,830,335.45106382978724,2.815914893617021
2016-03-21T00:00:00Z,850,323.02483050847457,2.8571610169491524
2016-03-21T00:00:00Z,870,326.2754310344828,2.801853448275862
2016-03-21T00:00:00Z,890,334.90025862068967,2.693189655172414
2016-03-21T00:00:00Z,910,339.7089519650655,2.320829694323144
2016-03-21T00:00:00Z,930,332.4793043478261,2.0165652173913045
2016-03-21T00:00:00Z,950,332.215,1.9333898305084747
2016-03-21T00:00:00Z,970,327.9101287553648,1.7551931330472104
2016-03-21T00:00:00Z,990,320.31653846153847,1.5729059829059828
2016-03-21T00:00:00Z,1010,326.53466101694914,1.3873728813559323
2016-03-21T00:00:00Z,1030,320.4029184549356,1.2536909871244635
2016-03-21T00:00:00Z,1050,311.6746956521739,1.2749565217391305
2016-03-21T00:00:00Z,1070,328.30278787878785,1.1498181818181819
2016-03-21T00:00:00Z,1090,332.990625,1.006953125
2016-04-04T00:00:00Z,70,322.48549800796815,6.679641434262948
2016-04-04T00:00:00Z,90,322.3895849056604,6.693924528301887
2016-04-04T00:00:00Z,110,319.81616949152544,6.4656271186440675
2016-04-04T00:00:00Z,130,314.98298850574713,6.115402298850575
2016-04-04T00:00:00Z,150,288.39692015209124,5.822091254752852
2016-04-04T00:00:00Z,170,266.86401606425704,5.712409638554217
2016-04-04T00:00:00Z,190,259.22476793248944,5.544767932489451
2016-04-04T00:00:00Z,210,255.95773504273504,5.598205128205128
2016-04-04T00:00:00Z,230,261.26651063829786,5.628468085106383
2016-04-04T00:00:00Z,250,267.7992181069959,5.64641975308642
2016-04-04T00:00:00Z,270,268.86771784232366,5.349709543568465
2016-04-04T00:00:00Z,290,258.73274261603376,5.455358649789029
2016-04-04T00:00:00Z,310,247.32489270386267,5.428669527896996
2016-04-04T00:00:00Z,330,244.79324675324676,5.399134199134199
2016-04-04T00:00:00Z,350,244.545,5.383189655172414
2016-04-04T00:00:00Z,370,256.32935064935066,5.271125541125541
2016-04-04T00:00:00Z,390,257.7324782608696,5.233260869565218
2016-04-04T00:00:00Z,410,286.2210344827586,4.997801724137931
2016-04-04T00:00:00Z,430,290.0903433476395,4.977854077253219
2016-04-04T00:00:00Z,450,287.0321487603306,5.212520661157025
2016-04-04T00:00:00Z,470,311.3540639269406,4.929178082191781
2016-04-04T00:00:00Z,490,313.87798507462685,4.720069444444444
2016-04-04T00:00:00Z,510,291.3270769230769,4.658307692307693
2016-04-04T00:00:00Z,530,295.62186440677965,4.523050847457627
2016-04-04T00:00:00Z,550,299.20936974789913,4.579873949579832
2016-04-04T00:00:00Z,570,307.1276150627615,4.626903765690376
2016-04-04T00:00:00Z,590,296.53174089068824,4.649230769230769
2016-04-04T00:00:00Z,610,296.89954545454543,4.606157024793388
2016-04-04T00:00:00Z,630,294.8513991769547,4.517777777777778
2016-04-04T00:00:00Z,650,291.8425514403292,4.439547325102881
2016-04-04T00:00:00Z,670,282.10439834024896,4.387385892116183
2016-04-04T00:00:00Z,690,277.77928870292885,4.348075313807532
2016-04-04T00:00:00Z,710,281.7896652719665,4.279581589958159
2016-04-04T00:00:00Z,730,272.855756302521,4.150336134453782
2016-04-04T00:00:00Z,750,253.9029411764706,3.991596638655462
2016-04-04T00:00:00Z,770,251.91823529411764,3.943781512605042
2016-04-04T00:00:00Z,790,234.85690376569036,3.8652301255230124
2016-04-04T00:00:00Z,810,236.35493617021277,3.8058297872340425
2016-04-04T00:00:00Z,830,230.71987447698746,3.8272384937238493
2016-04-04T00:00:00Z,850,224.9917372881356,3.801779661016949
2016-04-04T00:00:00Z,870,231.35324786324787,3.6450427350427352
2016-04-04T00:00:00Z,890,225.7804347826087,3.6559565217391303
2016-04-04T00:00:00Z,910,224.15134782608695,3.4375652173913043
2016-04-04T00:00:00Z,930,218.77262008733624,3.261528384279476
2016-04-04T00:00:00Z,950,208.0151931330472,3.129914163090129
2016-04-04T00:00:00Z,970,206.60944444444445,3.0731623931623933
2016-04-04T00:00:00Z,990,193.86893617021278,2.9358297872340424
2016-04-04T00:00:00Z,1010,201.29140425531915,2.6611489361702128
2016-04-04T00:00:00Z,1030,176.21736170212765,2.7297021276595745
2016-04-04T00:00:00Z,1050,162.4510775862069,2.7840517241379312
2016-04-04T00:00:00Z,1070,170.9265294117647,2.521470588235294
2016-04-04T00:00:00Z,1090,181.50679104477612,2.2588059701492536
2016-04-18T00:00:00Z,70,340.7897933062859,7.822105263157895
2016-04-18T00:00:00Z,90,345.3915792924777,7.6083070866141735
2016-04-18T00:00:00Z,110,345.7947714592418,7.600212014134276
2016-04-18T00:00:00Z,130,346.78549685963804,7.44484375
2016-04-18T00:00:00Z,150,319.6219755371928,6.899130434782609
2016-04-18T00:00:00Z,170,301.43275669801733,6.5922950819672135
2016-04-18T00:00:00Z,190,300.1479550368354,6.497299578059072
2016-04-18T00:00:00Z,210,301.4310939021636,6.689914893617021
2016-04-18T00:00:00Z,230,300.42797860450224,6.705384615384616
2016-04-18T00:00:00Z,250,301.1011115249049,6.563185483870968
2016-04-18T00:00:00Z,270,309.91715879687416,6.267469387755102
2016-04-18T00:00:00Z,290,289.41101333010033,6.283164556962025
2016-04-18T00:00:00Z,310,279.3445188906171,6.190524017467249
2016-04-18T00:00:00Z,330,271.4700925366644,6.218217391304348
2016-04-18T00:00:00Z,350,275.07739562862986,6.206608695652174
2016-04-18T00:00:00Z,370,277.114604708637,6.120130434782609
2016-04-18T00:00:00Z,390,308.83518265159165,5.895367965367965
2016-04-18T00:00:00Z,410,317.2207893881508,5.763100436681222
2016-04-18T00:00:00Z,430,324.25228508158216,5.772
2016-04-18T00:00:00Z,450,326.6381634673926,5.910553191489361
2016-04-18T00:00:00Z,470,334.3906845676787,5.984553191489362
2016-04-18T00:00:00Z,490,337.2487051507214,5.679701492537314
2016-04-18T00:00:00Z,510,327.91443576880107,5.540967741935484
2016-04-18T00:00:00Z,530,306.91395543101214,5.604340425531915
2016-04-18T00:00:00Z,550,324.88902450082594,5.763879310344827
2016-04-18T00:00:00Z,570,329.3741801599302,5.65
2016-04-18T00:00:00Z,590,311.30381168176604,5.6225
2016-04-18T00:00:00Z,610,281.3928885515121,5.517258064516129
2016-04-18T00:00:00Z,630,236.68114081091258,5.412105263157895
2016-04-18T00:00:00Z,650,225.6903430153929,5.3151229508196725
2016-04-18T00:00:00Z,670,216.65385030978283,5.250901639344263
2016-04-18T00:00:00Z,690,209.98438791867338,5.13582995951417
2016-04-18T00:00:00Z,710,206.4456270296226,5.073801652892562
2016-04-18T00:00:00Z,730,208.79323753343326,4.989629629629629
2016-04-18T00:00:00Z,750,218.7328416268545,4.8118181818181816
2016-04-18T00:00:00Z,770,225.68392954361332,4.745578512396694
2016-04-18T00:00:00Z,790,226.8850081018158,4.663388429752066
2016-04-18T00:00:00Z,810,226.9346714904076,4.6081666666666665
2016-04-18T00:00:00Z,830,226.07003268897273,4.579875518672199
2016-04-18T00:00:00Z,850,220.05381187269188,4.602438016528926
2016-04-18T00:00:00Z,870,224.326467419495,4.4252320675105485
2016-04-18T00:00:00Z,890,215.60115411259892,4.2422270742358075
2016-04-18T00:00:00Z,910,200.7814345146131,4.211645021645022
2016-04-18T00:00:00Z,930,190.04471068472662,4.111948051948052
2016-04-18T00:00:00Z,950,176.2335160711906,4.1208438818565405
2016-04-18T00:00:00Z,970,171.17315630719443,4.097702127659574
2016-04-18T00:00:00Z,990,179.9838858354601,3.918262711864407
2016-04-18T00:00:00Z,1010,166.71449891624596,3.8967088607594937
2016-04-18T00:00:00Z,1030,166.72816932888068,3.767457627118644
2016-04-18T00:00:00Z,1050,160.00421782970056,3.8172457627118646
2016-04-18T00:00:00Z,1070,156.4667214313921,3.783435582822086
2016-04-18T00:00:00Z,1090,160.730314888297,3.4095454545454547
2016-05-02T00:00:00Z,70,372.55886718749997,9.5205078125
2016-05-02T00:00:00Z,90,351.91842696629215,9.060524344569288
2016-05-02T00:00:00Z,110,355.6074489795918,8.92234693877551
2016-05-02T00:00:00Z,130,348.72988593155895,8.614068441064639
2016-05-02T00:00:00Z,150,327.8986590038314,8.776819923371647
2016-05-02T00:00:00Z,170,316.2575590551181,8.97023622047244
2016-05-02T00:00:00Z,190,311.6007407407407,8.794362139917695
2016-05-02T00:00:00Z,210,308.86224576271184,9.200550847457627
2016-05-02T00:00:00Z,230,307.87305084745765,9.417203389830508
2016-05-02T00:00:00Z,250,312.8345306122449,9.224408163265306
2016-05-02T00:00:00Z,270,294.5426446280992,8.9976859504132225
2016-05-02T00:00:00Z,290,292.8777083333333,9.029
2016-05-02T00:00:00Z,310,262.26303418803417,8.928888888888888
2016-05-02T00:00:00Z,330,257.2578540772532,8.937381974248927
2016-05-02T00:00:00Z,350,280.2436206896552,8.856422413793103
2016-05-02T00:00:00Z,370,267.2805128205128,9.072051282051282
2016-05-02T00:00:00Z,390,254.90970085470084,9.247649572649573
2016-05-02T00:00:00Z,410,278.21676724137933,9.375560344827587
2016-05-02T00:00:00Z,430,298.3790598290598,9.42388888888889
2016-05-02T00:00:00Z,450,301.4046218487395,9.690294117647058
2016-05-02T00:00:00Z,470,326.5234453781513,9.768949579831933
2016-05-02T00:00:00Z,490,332.93624060150375,9.746083916083917
2016-05-02T00:00:00Z,510,299.1614705882353,9.947745098039215
2016-05-02T00:00:00Z,530,277.26770212765956,9.771872340425531
2016-05-02T00:00:00Z,550,337.582050209205,10.102384937238494
2016-05-02T00:00:00Z,570,365.7057740585774,10.144518828451883
2016-05-02T00:00:00Z,590,285.99,10.203545816733067
2016-05-02T00:00:00Z,610,192.75730923694778,9.997429718875502
2016-05-02T00:00:00Z,630,148.20831325301205,9.727831325301205
2016-05-02T00:00:00Z,650,136.21785425101214,9.554736842105264
2016-05-02T00:00:00Z,670,133.07145748987855,9.592226720647773
2016-05-02T00:00:00Z,690,131.90971428571427,9.509020408163265
2016-05-02T00:00:00Z,710,135.16016393442624,9.251024590163935
2016-05-02T00:00:00Z,730,131.8618699186992,9.348739837398375
2016-05-02T00:00:00Z,750,152.298,9.260244897959184
2016-05-02T00:00:00Z,770,159.91330578512398,9.196818181818182
2016-05-02T00:00:00Z,790,160.5862857142857,9.236285714285714
2016-05-02T00:00:00Z,810,162.24045643153528,9.309875518672198
2016-05-02T00:00:00Z,830,151.7499593495935,9.200081300813007
2016-05-02T00:00:00Z,850,142.46810699588477,9.181399176954733
2016-05-02T00:00:00Z,870,125.3479012345679,9.104156378600823
2016-05-02T00:00:00Z,890,112.80334763948498,9.023261802575107
2016-05-02T00:00:00Z,910,93.75609442060086,9.127854077253218
2016-05-02T00:00:00Z,930,87.32262931034482,8.972155172413792
2016-05-02T00:00:00Z,950,78.54134453781512,8.658277310924369
2016-05-02T00:00:00Z,970,82.28076271186441,8.382033898305085
2016-05-02T00:00:00Z,990,76.49163865546218,8.480672268907563
2016-05-02T00:00:00Z,1010,73.8681589958159,8.50460251046025
2016-05-02T00:00:00Z,1030,71.06885106382978,8.21936170212766
2016-05-02T00:00:00Z,1050,72.2701687763713,7.7978481012658225
2016-05-02T00:00:00Z,1070,73.97827380952381,7.706071428571429
2016-05-02T00:00:00Z,1090,67.203515625,7.390703125
2016-05-16T00:00:00Z,70,380.9600790513834,12.958814229249011
2016-05-16T00:00:00Z,90,375.75441860465116,12.626899224806202
2016-05-16T00:00:00Z,110,378.6813986013986,12.509755244755246
2016-05-16T00:00:00Z,130,367.03896946564885,11.907900763358779
2016-05-16T00:00:00Z,150,347.0332046332046,11.393513513513513
2016-05-16T00:00:00Z,170,332.0555060728745,11.475263157894737
2016-05-16T00:00:00Z,190,326.6480991735537,11.320619834710744
2016-05-16T00:00:00Z,210,343.1586266094421,11.493648068669527
2016-05-16T00:00:00Z,230,345.6762978723404,11.59676595744681
2016-05-16T00:00:00Z,250,338.37434959349594,11.46589430894309
2016-05-16T00:00:00Z,270,311.012024291498,10.96336032388664
2016-05-16T00:00:00Z,290,299.33487394957984,10.74890756302521
2016-05-16T00:00:00Z,310,286.03662337662337,10.775497835497836
2016-05-16T00:00:00Z,330,282.9568669527897,10.71450643776824
2016-05-16T00:00:00Z,350,284.07961038961037,10.52995670995671
2016-05-16T00:00:00Z,370,288.44519480519483,10.571601731601731
2016-05-16T00:00:00Z,390,285.4523913043478,10.498913043478261
2016-05-16T00:00:00Z,410,272.27240343347637,10.642532188841201
2016-05-16T00:00:00Z,430,275.25321739130436,10.691782608695652
2016-05-16T00:00:00Z,450,286.58419913419914,10.801731601731602
2016-05-16T00:00:00Z,470,303.41704641350213,10.515527426160338
2016-05-16T00:00:00Z,490,301.7066923076923,10.216142857142858
2016-05-16T00:00:00Z,510,283.81123711340206,10.542336448598132
2016-05-16T00:00:00Z,530,262.1596581196581,10.759444444444444
2016-05-16T00:00:00Z,550,259.51529914529914,11.236367521367521
2016-05-16T00:00:00Z,570,183.62703862660945,11.431287553648069
2016-05-16T00:00:00Z,590,163.17952,11.42372
2016-05-16T00:00:00Z,610,162.10261044176707,11.383534136546185
2016-05-16T00:00:00Z,630,156.790081300813,11.097032520325204
2016-05-16T00:00:00Z,650,161.7015918367347,10.931836734693878
2016-05-16T00:00:00Z,670,152.09545081967212,10.44954918032787
2016-05-16T00:00:00Z,690,152.55710204081632,10.23861224489796
2016-05-16T00:00:00Z,710,154.04681818181817,10.08202479338843
2016-05-16T00:00:00Z,730,155.53991701244814,9.942323651452282
2016-05-16T00:00:00Z,750,157.28755186721992,9.804190871369295
2016-05-16T00:00:00Z,770,157.05970954356846,9.961908713692946
2016-05-16T00:00:00Z,790,159.43264462809918,9.792148760330578
2016-05-16T00:00:00Z,810,156.98909090909092,9.890661157024793
2016-05-16T00:00:00Z,830,156.61158333333333,9.8035
2016-05-16T00:00:00Z,850,157.232,9.810375
2016-05-16T00:00:00Z,870,164.64042016806724,9.818991596638655
2016-05-16T00:00:00Z,890,156.87633187772926,9.872882096069869
2016-05-16T00:00:00Z,910,142.13327586206896,10.232758620689655
2016-05-16T00:00:00Z,930,96.2253711790393,10.673624454148472
2016-05-16T00:00:00Z,950,80.43144067796611,10.72927966101695
2016-05-16T00:00:00Z,970,82.83233050847457,10.943220338983052
2016-05-16T00:00:00Z,990,70.46502109704642,11.012784810126583
2016-05-16T00:00:00Z,1010,62.47637130801688,11.477679324894515
2016-05-16T00:00:00Z,1030,63.13576923076923,11.618076923076924
2016-05-16T00:00:00Z,1050,58.5903813559322,11.484957627118645
2016-05-16T00:00:00Z,1070,51.4632,11.643257142857143
2016-05-16T00:00:00Z,1090,51.44453125,11.259453125
2016-05-30T00:00:00Z,70,390.6386885245902,14.066762295081967
2016-05-30T00:00:00Z,90,384.3843820224719,13.985205992509364
2016-05-30T00:00:00Z,110,384.3414634146341,13.62219512195122
2016-05-30T00:00:00Z,130,384.9096911196911,12.975984555984557
2016-05-30T00:00:00Z,150,373.7095652173913,13.213992094861661
2016-05-30T00:00:00Z,170,345.60141732283466,13.917401574803149
2016-05-30T00:00:00Z,190,341.640564516129,14.05866935483871
2016-05-30T00:00:00Z,210,346.82254098360653,14.457991803278688
2016-05-30T00:00:00Z,230,357.4248085106383,14.700553191489362
2016-05-30T00:00:00Z,250,346.999173553719,14.879876033057851
2016-05-30T00:00:00Z,270,323.3985655737705,14.596065573770492
2016-05-30T00:00:00Z,290,317.56721991701244,14.547468879668049
2016-05-30T00:00:00Z,310,301.1161206896552,13.800646551724139
2016-05-30T00:00:00Z,330,285.0574891774892,13.368441558441559
2016-05-30T00:00:00Z,350,273.73883620689656,13.576724137931034
2016-05-30T00:00:00Z,370,268.7455793991416,13.839871244635193
2016-05-30T00:00:00Z,390,258.99650862068967,13.862801724137931
2016-05-30T00:00:00Z,410,259.0936051502146,13.839914163090128
2016-05-30T00:00:00Z,430,255.60917030567686,13.945458515283843
2016-05-30T00:00:00Z,450,264.6879583333333,14.202083333333333
2016-05-30T00:00:00Z,470,267.1054066985646,13.860143540669856
2016-05-30T00:00:00Z,490,277.12486666666666,14.0014375
2016-05-30T00:00:00Z,510,245.6658273381295,14.18841726618705
2016-05-30T00:00:00Z,530,238.0696265560166,13.991908713692947
2016-05-30T00:00:00Z,550,226.80359504132232,13.983305785123967
2016-05-30T00:00:00Z,570,210.7413469387755,13.659632653061225
2016-05-30T00:00:00Z,590,188.90735772357723,13.785772357723577
2016-05-30T00:00:00Z,610,187.3577868852459,13.732418032786885
2016-05-30T00:00:00Z,630,188.0380081300813,13.60630081300813
2016-05-30T00:00:00Z,650,197.60477366255145,12.963497942386832
2016-05-30T00:00:00Z,670,193.9418442622951,12.656434426229508
2016-05-30T00:00:00Z,690,189.27204918032785,12.472868852459017
2016-05-30T00:00:00Z,710,181.836,12.78225
2016-05-30T00:00:00Z,730,180.43319327731092,12.800336134453781
2016-05-30T00:00:00Z,750,183.2140756302521,12.688151260504203
2016-05-30T00:00:00Z,770,195.57626050420168,12.282352941176471
2016-05-30T00:00:00Z,790,193.53579166666665,12.320666666666666
2016-05-30T00:00:00Z,810,187.0433474576271,12.676949152542372
2016-05-30T00:00:00Z,830,195.95464135021098,12.330759493670886
2016-05-30T00:00:00Z,850,196.13270833333334,12.204458333333333
2016-05-30T00:00:00Z,870,198.10949367088608,11.993502109704641
2016-05-30T00:00:00Z,890,183.93920704845814,11.781497797356828
2016-05-30T00:00:00Z,910,174.29497835497835,11.883073593073593
2016-05-30T00:00:00Z,930,133.13150862068966,12.304439655172414
2016-05-30T00:00:00Z,950,119.04766949152543,11.939449152542373
2016-05-30T00:00:00Z,970,112.13995798319328,11.960084033613445
2016-05-30T00:00:00Z,990,93.88666666666667,12.611012658227848
2016-05-30T00:00:00Z,1010,86.86306382978724,13.029872340425532
2016-05-30T00:00:00Z,1030,85.13089361702127,13.112468085106382
2016-05-30T00:00:00Z,1050,79.28247899159663,13.257142857142858
2016-05-30T00:00:00Z,1070,74.44482954545454,13.31278409090909
2016-05-30T00:00:00Z,1090,72.66772727272728,12.878409090909091
2016-06-13T00:00:00Z,70,393.7889285714286,16.930833333333332
2016-06-13T00:00:00Z,90,390.5084150943396,16.8088679245283
2016-06-13T00:00:00Z,110,390.3555821917808,16.664349315068492
2016-06-13T00:00:00Z,130,388.9692748091603,16.521641221374047
2016-06-13T00:00:00Z,150,366.7072692307692,16.170653846153847
2016-06-13T00:00:00Z,170,327.91774703557314,15.978339920948617
2016-06-13T00:00:00Z,190,311.4175720164609,16.02567901234568
2016-06-13T00:00:00Z,210,313.40601694915256,16.064449152542373
2016-06-13T00:00:00Z,230,317.0634893617021,15.968978723404256
2016-06-13T00:00:00Z,250,323.37367346938777,15.987632653061224
2016-06-13T00:00:00Z,270,313.082304526749,15.938395061728395
2016-06-13T00:00:00Z,290,299.2213807531381,15.679330543933053
2016-06-13T00:00:00Z,310,291.53411255411254,15.488225108225109
2016-06-13T00:00:00Z,330,267.78337606837607,15.358247863247863
2016-06-13T00:00:00Z,350,267.66738675958186,15.17149825783972
2016-06-13T00:00:00Z,370,256.3392735042735,15.340427350427351
2016-06-13T00:00:00Z,390,260.13233766233765,15.214458874458874
2016-06-13T00:00:00Z,410,247.78592274678113,15.225751072961373
2016-06-13T00:00:00Z,430,252.07465811965812,15.327863247863249
2016-06-13T00:00:00Z,450,251.4107468879668,15.487676348547717
2016-06-13T00:00:00Z,470,243.64495412844036,15.450229357798165
2016-06-13T00:00:00Z,490,235.37892086330936,15.169424460431655
2016-06-13T00:00:00Z,510,225.998828125,14.985625
2016-06-13T00:00:00Z,530,208.0070539419087,15.324688796680498
2016-06-13T00:00:00Z,550,200.86458333333334,15.24725
2016-06-13T00:00:00Z,570,187.37331967213115,15.155491803278688
2016-06-13T00:00:00Z,590,184.49484,15.02916
2016-06-13T00:00:00Z,610,193.4395983935743,15.00425702811245
2016-06-13T00:00:00Z,630,211.84741721854306,14.789271523178808
2016-06-13T00:00:00Z,650,212.9214979757085,14.407044534412956
2016-06-13T00:00:00Z,670,200.98926229508197,14.145819672131147
2016-06-13T00:00:00Z,690,204.1167206477733,13.759716599190284
2016-06-13T00:00:00Z,710,199.03644628099173,13.570619834710744
2016-06-13T00:00:00Z,730,203.41445833333333,13.530083333333334
2016-06-13T00:00:00Z,750,201.70173553719007,13.51888429752066
2016-06-13T00:00:00Z,770,209.28543933054394,13.308493723849372
2016-06-13T00:00:00Z,790,211.8528870292887,13.275941422594142
2016-06-13T00:00:00Z,810,205.88979166666667,13.178833333333333
2016-06-13T00:00:00Z,830,192.67369747899158,13.044033613445379
2016-06-13T00:00:00Z,850,179.29945147679325,13.077510548523207
2016-06-13T00:00:00Z,870,162.22147679324894,13.264894514767933
2016-06-13T00:00:00Z,890,154.4343231441048,13.321659388646289
2016-06-13T00:00:00Z,910,149.79694323144105,13.281965065502183
2016-06-13T00:00:00Z,930,137.72793859649124,13.2225
2016-06-13T00:00:00Z,950,134.83239495798318,13.149789915966387
2016-06-13T00:00:00Z,970,126.22822033898305,13.137584745762712
2016-06-13T00:00:00Z,990,124.3377731092437,13.208361344537815
2016-06-13T00:00:00Z,1010,126.02327659574468,13.081829787234042
2016-06-13T00:00:00Z,1030,136.4763829787234,13.021234042553191
2016-06-13T00:00:00Z,1050,129.90259574468084,13.156212765957447
2016-06-13T00:00:00Z,1070,118.69224719101123,13.164101123595506
2016-06-13T00:00:00Z,1090,124.67698412698412,12.856190476190475
2016-06-27T00:00:00Z,70,333.5655918367347,17.993224489795917
2016-06-27T00:00:00Z,90,354.57540540540543,17.80911196911197
2016-06-27T00:00:00Z,110,361.7390322580645,17.712437275985664
2016-06-27T00:00:00Z,130,339.49355212355215,17.81185328185328
2016-06-27T00:00:00Z,150,317.352984496124,17.412364341085272
2016-06-27T00:00:00Z,170,316.77724,17.26612
2016-06-27T00:00:00Z,190,320.80360995850623,17.17759336099585
2016-06-27T00:00:00Z,210,322.88012711864405,17.08427966101695
2016-06-27T00:00:00Z,230,320.13639004149377,17.111659751037344
2016-06-27T00:00:00Z,250,323.1655870445344,17.110445344129555
2016-06-27T00:00:00Z,270,303.9983870967742,17.16415322580645
2016-06-27T00:00:00Z,290,286.0052100840336,17.161806722689075
2016-06-27T00:00:00Z,310,268.54274678111585,17.33145922746781
2016-06-27T00:00:00Z,330,258.33085836909873,17.258454935622318
2016-06-27T00:00:00Z,350,259.9068398268398,17.09917748917749
2016-06-27T00:00:00Z,370,269.25298701298703,16.79047619047619
2016-06-27T00:00:00Z,390,264.6624892703863,16.954120171673818
2016-06-27T00:00:00Z,410,266.97515021459225,16.923948497854077
2016-06-27T00:00:00Z,430,255.31775862068966,17.074439655172412
2016-06-27T00:00:00Z,450,247.02068376068377,17.237350427350428
2016-06-27T00:00:00Z,470,248.70558333333332,17.060166666666667
2016-06-27T00:00:00Z,490,221.98122137404582,17.362824427480916
2016-06-27T00:00:00Z,510,191.49063157894736,17.468736842105262
2016-06-27T00:00:00Z,530,184.8831914893617,17.516425531914894
2016-06-27T00:00:00Z,550,190.01636752136753,17.478034188034187
2016-06-27T00:00:00Z,570,195.63753191489363,17.185872340425533
2016-06-27T00:00:00Z,590,180.77521912350596,17.452629482071714
2016-06-27T00:00:00Z,610,189.4757258064516,17.272943548387097
2016-06-27T00:00:00Z,630,199.17963414634147,17.196747967479673
2016-06-27T00:00:00Z,650,197.29733067729083,17.172549800796812
2016-06-27T00:00:00Z,670,171.78592741935483,16.92314516129032
2016-06-27T00:00:00Z,690,164.83889344262295,16.94561475409836
2016-06-27T00:00:00Z,710,152.3639256198347,17.07578512396694
2016-06-27T00:00:00Z,730,156.50995918367346,17.236857142857144
2016-06-27T00:00:00Z,750,153.63267489711933,17.26497942386831
2016-06-27T00:00:00Z,770,154.3177366255144,17.22366255144033
2016-06-27T00:00:00Z,790,162.48995833333333,17.02525
2016-06-27T00:00:00Z,810,159.38078189300413,16.798230452674897
2016-06-27T00:00:00Z,830,155.87966804979254,16.74883817427386
2016-06-27T00:00:00Z,850,152.2157438016529,16.672768595041322
2016-06-27T00:00:00Z,870,146.1081589958159,16.60610878661088
2016-06-27T00:00:00Z,890,148.58761904761906,16.47095238095238
2016-06-27T00:00:00Z,910,147.90735930735931,16.367186147186146
2016-06-27T00:00:00Z,930,142.3515948275862,16.029224137931035
2016-06-27T00:00:00Z,950,134.41944915254237,16.005974576271186
2016-06-27T00:00:00Z,970,143.30152892561983,15.894752066115702
2016-06-27T00:00:00Z,990,153.91754237288134,15.820805084745762
2016-06-27T00:00:00Z,1010,150.3325941422594,15.59836820083682
2016-06-27T00:00:00Z,1030,149.39550847457627,15.530805084745763
2016-06-27T00:00:00Z,1050,151.1443220338983,15.319788135593221
2016-06-27T00:00:00Z,1070,141.43873563218392,15.413448275862068
2016-06-27T00:00:00Z,1090,151.37575757575758,14.927424242424243
2016-07-11T00:00:00Z,70,311.71265873015875,18.356309523809525
2016-07-11T00:00:00Z,90,322.25513725490197,18.26235294117647
2016-07-11T00:00:00Z,110,322.0458510638298,18.16950354609929
2016-07-11T00:00:00Z,130,292.4805179282869,18.350876494023904
2016-07-11T00:00:00Z,150,294.51670634920634,18.170515873015873
2016-07-11T00:00:00Z,170,305.6144176706827,18.017510040160644
2016-07-11T00:00:00Z,190,305.6010460251046,18.041464435146445
2016-07-11T00:00:00Z,210,304.82936440677963,18.083093220338984
2016-07-11T00:00:00Z,230,309.00821276595747,18.041063829787234
2016-07-11T00:00:00Z,250,307.4082448979592,18.05248979591837
2016-07-11T00:00:00Z,270,295.4861632653061,18.16995918367347
2016-07-11T00:00:00Z,290,282.24860082304525,18.27275720164609
2016-07-11T00:00:00Z,310,272.79422413793105,18.393793103448274
2016-07-11T00:00:00Z,330,281.2388034188034,18.287307692307692
2016-07-11T00:00:00Z,350,277.86452586206894,18.291853448275862
2016-07-11T00:00:00Z,370,294.94497835497833,18.087705627705628
2016-07-11T00:00:00Z,390,330.2141025641026,17.497179487179487
2016-07-11T00:00:00Z,410,304.04370212765957,17.785106382978725
2016-07-11T00:00:00Z,430,339.2791025641026,17.01017094017094
2016-07-11T00:00:00Z,450,323.9369076305221,17.311244979919678
2016-07-11T00:00:00Z,470,301.94612903225806,17.422043010752688
2016-07-11T00:00:00Z,490,261.97512195121953,17.95548780487805
2016-07-11T00:00:00Z,510,228.99864705882354,18.345
2016-07-11T00:00:00Z,530,223.0078486055777,18.30187250996016
2016-07-11T00:00:00Z,550,214.7576984126984,18.41202380952381
2016-07-11T00:00:00Z,570,215.92128514056225,18.008393574297187
2016-07-11T00:00:00Z,590,220.48576,17.69292
2016-07-11T00:00:00Z,610,192.93048780487806,18.072560975609758
2016-07-11T00:00:00Z,630,176.79983805668016,18.36004048582996
2016-07-11T00:00:00Z,650,178.50975708502025,18.331174089068824
2016-07-11T00:00:00Z,670,176.0268825910931,18.23599190283401
2016-07-11T00:00:00Z,690,179.19791836734694,18.153795918367347
2016-07-11T00:00:00Z,710,176.83578512396693,18.141198347107437
2016-07-11T00:00:00Z,730,179.68894514767933,18.083037974683545
2016-07-11T00:00:00Z,750,185.67941666666667,17.988708333333335
2016-07-11T00:00:00Z,770,180.14173553719007,18.031528925619835
2016-07-11T00:00:00Z,790,193.047,17.73575
2016-07-11T00:00:00Z,810,197.72516949152543,17.550381355932203
2016-07-11T00:00:00Z,830,197.9704958677686,17.439669421487604
2016-07-11T00:00:00Z,850,195.34991631799164,17.353514644351463
2016-07-11T00:00:00Z,870,197.93932773109245,17.20605042016807
2016-07-11T00:00:00Z,890,196.5603846153846,17.162136752136753
2016-07-11T00:00:00Z,910,199.25645021645022,16.926363636363636
2016-07-11T00:00:00Z,930,195.415914893617,16.691021276595745
2016-07-11T00:00:00Z,950,203.6797071129707,16.456820083682008
2016-07-11T00:00:00Z,970,212.6843220338983,16.455466101694917
2016-07-11T00:00:00Z,990,218.1327572016461,16.283909465020574
2016-07-11T00:00:00Z,1010,207.55595833333334,16.498666666666665
2016-07-11T00:00:00Z,1030,206.20310924369747,16.214957983193276
2016-07-11T00:00:00Z,1050,201.18072033898306,16.49669491525424
2016-07-11T00:00:00Z,1070,204.92329545454547,16.320454545454545
2016-07-11T00:00:00Z,1090,224.78279069767441,15.648372093023255
2016-07-25T00:00:00Z,70,319.2956420233463,19.144591439688718
2016-07-25T00:00:00Z,90,342.3665779467681,18.592395437262358
2016-07-25T00:00:00Z,110,300.4885763888889,18.920625
2016-07-25T00:00:00Z,130,275.2957307692308,19.156076923076924
2016-07-25T00:00:00Z,150,258.8409266409266,19.389420849420848
2016-07-25T00:00:00Z,170,260.5535433070866,19.58696850393701
2016-07-25T00:00:00Z,190,254.15118367346938,19.603551020408162
2016-07-25T00:00:00Z,210,262.53833333333336,19.609208333333335
2016-07-25T00:00:00Z,230,256.42186440677966,19.763262711864407
2016-07-25T00:00:00Z,250,257.34777777777776,19.72292181069959
2016-07-25T00:00:00Z,270,276.4032669322709,19.49856573705179
2016-07-25T00:00:00Z,290,266.1051652892562,19.50095041322314
2016-07-25T00:00:00Z,310,255.18660944206007,19.671158798283262
2016-07-25T00:00:00Z,330,249.42510638297873,19.667702127659574
2016-07-25T00:00:00Z,350,250.2449356223176,19.62154506437768
2016-07-25T00:00:00Z,370,266.318354978355,19.417186147186147
2016-07-25T00:00:00Z,390,270.3272340425532,19.420936170212766
2016-07-25T00:00:00Z,410,284.7588085106383,19.132595744680852
2016-07-25T00:00:00Z,430,279.4703448275862,19.21887931034483
2016-07-25T00:00:00Z,450,266.00258196721313,19.462090163934427
2016-07-25T00:00:00Z,470,267.9075490196078,19.301323529411764
2016-07-25T00:00:00Z,490,254.84725,19.3794375
2016-07-25T00:00:00Z,510,217.1737777777778,19.80362962962963
2016-07-25T00:00:00Z,530,215.65073170731708,19.76979674796748
2016-07-25T00:00:00Z,550,190.07763265306122,19.96922448979592
2016-07-25T00:00:00Z,570,181.80153225806453,19.830000000000002
2016-07-25T00:00:00Z,590,173.28036,19.81032
2016-07-25T00:00:00Z,610,177.15471544715447,19.620528455284553
2016-07-25T00:00:00Z,630,163.22775510204082,19.935469387755102
2016-07-25T00:00:00Z,650,161.9866530612245,19.91265306122449
2016-07-25T00:00:00Z,670,162.81445344129554,20.013805668016193
2016-07-25T00:00:00Z,690,162.98487704918034,20.023360655737704
2016-07-25T00:00:00Z,710,169.90119341563786,19.96090534979424
2016-07-25T00:00:00Z,730,178.53139917695472,19.907037037037036
2016-07-25T00:00:00Z,750,179.66410041841004,19.904937238493723
2016-07-25T00:00:00Z,770,184.39867768595042,19.80694214876033
2016-07-25T00:00:00Z,790,190.17177685950412,19.66371900826446
2016-07-25T00:00:00Z,810,186.86146443514644,19.596443514644353
2016-07-25T00:00:00Z,830,183.14832635983262,19.55589958158996
2016-07-25T00:00:00Z,850,168.08746887966805,19.497759336099584
2016-07-25T00:00:00Z,870,162.3347033898305,19.3885593220339
2016-07-25T00:00:00Z,890,157.10263829787235,19.37055319148936
2016-07-25T00:00:00Z,910,154.0969264069264,19.28177489177489
2016-07-25T00:00:00Z,930,153.07580086580086,19.36805194805195
2016-07-25T00:00:00Z,950,151.22252100840336,19.428739495798318
2016-07-25T00:00:00Z,970,147.249625,19.562708333333333
2016-07-25T00:00:00Z,990,154.15270042194092,19.437088607594937
2016-07-25T00:00:00Z,1010,150.21552742616035,19.358987341772153
2016-07-25T00:00:00Z,1030,161.9160425531915,19.040553191489362
2016-07-25T00:00:00Z,1050,165.4587394957983,18.879327731092438
2016-07-25T00:00:00Z,1070,168.5762874251497,18.96053892215569
2016-07-25T00:00:00Z,1090,179.24984615384616,18.582384615384616
2016-08-08T00:00:00Z,70,338.523488372093,17.739418604651163
2016-08-08T00:00:00Z,90,345.7109885931559,17.409239543726237
2016-08-08T00:00:00Z,110,340.94194539249145,17.595972696245735
2016-08-08T00:00:00Z,130,333.0996923076923,17.67776923076923
2016-08-08T00:00:00Z,150,331.30492424242425,17.493901515151514
2016-08-08T00:00:00Z,170,328.24605363984676,17.58375478927203
2016-08-08T00:00:00Z,190,331.568683127572,17.475185185185186
2016-08-08T00:00:00Z,210,349.62801687763715,17.37282700421941
2016-08-08T00:00:00Z,230,380.85464730290454,17.20082987551867
2016-08-08T00:00:00Z,250,396.60564315352696,16.936514522821575
2016-08-08T00:00:00Z,270,394.229262295082,16.685163934426228
2016-08-08T00:00:00Z,290,372.0715416666667,17.049541666666666
2016-08-08T00:00:00Z,310,356.4414847161572,17.540960698689958
2016-08-08T00:00:00Z,330,350.31775862068963,17.71625
2016-08-08T00:00:00Z,350,354.90879828326183,17.654978540772532
2016-08-08T00:00:00Z,370,387.3666666666667,17.04051948051948
2016-08-08T00:00:00Z,390,411.8196536796537,16.41731601731602
2016-08-08T00:00:00Z,410,368.75554112554113,17.145238095238096
2016-08-08T00:00:00Z,430,446.23670995670994,15.234242424242424
2016-08-08T00:00:00Z,450,506.58525691699606,13.848695652173912
2016-08-08T00:00:00Z,470,446.17726708074537,15.004152046783625
2016-08-08T00:00:00Z,490,488.30093959731545,13.861342281879194
2016-08-08T00:00:00Z,510,411.9840506329114,15.156645569620252
2016-08-08T00:00:00Z,530,339.4417050691244,16.10304147465438
2016-08-08T00:00:00Z,550,280.7811363636364,16.992409090909092
2016-08-08T00:00:00Z,570,291.95756880733944,16.415825688073394
2016-08-08T00:00:00Z,590,312.9412962962963,16.50638888888889
2016-08-08T00:00:00Z,610,312.85188679245283,16.55259433962264
2016-08-08T00:00:00Z,630,286.84334928229663,16.672535885167463
2016-08-08T00:00:00Z,650,274.6309478672986,16.768578199052133
2016-08-08T00:00:00Z,670,282.5981860465116,16.651209302325583
2016-08-08T00:00:00Z,690,283.8062857142857,16.67909523809524
2016-08-08T00:00:00Z,710,278.90347619047617,16.851285714285716
2016-08-08T00:00:00Z,730,289.06397129186604,16.515598086124402
2016-08-08T00:00:00Z,750,287.83507317073173,16.58419512195122
2016-08-08T00:00:00Z,770,282.62695652173915,16.81
2016-08-08T00:00:00Z,790,297.3457416267943,16.671626794258373
2016-08-08T00:00:00Z,810,307.16875,16.539951923076924
2016-08-08T00:00:00Z,830,316.42212560386474,16.621884057971016
2016-08-08T00:00:00Z,850,312.1825603864734,16.702850241545892
2016-08-08T00:00:00Z,870,300.67716346153844,17.376298076923078
2016-08-08T00:00:00Z,890,305.3820792079208,17.3530198019802
2016-08-08T00:00:00Z,910,316.41822660098524,17.099261083743844
2016-08-08T00:00:00Z,930,324.1749038461538,17.104615384615386
2016-08-08T00:00:00Z,950,346.037805907173,16.70029535864979
2016-08-08T00:00:00Z,970,341.7766806722689,16.85655462184874
2016-08-08T00:00:00Z,990,357.69117647058823,16.516176470588235
2016-08-08T00:00:00Z,1010,332.9423829787234,16.963829787234044
2016-08-08T00:00:00Z,1030,320.67953389830507,17.016694915254238
2016-08-08T00:00:00Z,1050,308.7067948717949,17.121324786324788
2016-08-08T00:00:00Z,1070,330.4425136612022,16.628415300546447
2016-08-08T00:00:00Z,1090,338.24387596899226,16.441860465116278
2016-08-22T00:00:00Z,70,383.14140562248997,18.61413654618474
2016-08-22T00:00:00Z,90,388.97234615384616,18.35173076923077
2016-08-22T00:00:00Z,110,378.3079225352113,18.226584507042254
2016-08-22T00:00:00Z,130,382.7788888888889,18.08888888888889
2016-08-22T00:00:00Z,150,355.96806324110673,18.36395256916996
2016-08-22T00:00:00Z,170,349.4548,18.30984
2016-08-22T00:00:00Z,190,360.368875,18.33416666666667
2016-08-22T00:00:00Z,210,355.204769874477,18.541882845188283
2016-08-22T00:00:00Z,230,355.9274152542373,18.40843220338983
2016-08-22T00:00:00Z,250,371.89770833333336,18.129916666666666
2016-08-22T00:00:00Z,270,381.9778861788618,17.81329268292683
2016-08-22T00:00:00Z,290,374.861129707113,17.914309623430963
2016-08-22T00:00:00Z,310,365.58034632034634,18.176580086580085
2016-08-22T00:00:00Z,330,363.3504761904762,18.235844155844156
2016-08-22T00:00:00Z,350,369.29606986899563,18.127423580786026
2016-08-22T00:00:00Z,370,387.2855744680851,17.494468085106384
2016-08-22T00:00:00Z,390,381.0870815450644,16.867596566523606
2016-08-22T00:00:00Z,410,356.0850643776824,16.579957081545064
2016-08-22T00:00:00Z,430,336.87166666666667,16.64965811965812
2016-08-22T00:00:00Z,450,345.9331950207469,17.00286307053942
2016-08-22T00:00:00Z,470,328.87538834951454,17.22864077669903
2016-08-22T00:00:00Z,490,334.0225179856115,17.01251798561151
2016-08-22T00:00:00Z,510,329.8395483870968,17.167032258064516
2016-08-22T00:00:00Z,530,315.3017073170732,17.353821138211384
2016-08-22T00:00:00Z,550,302.35217213114754,16.978688524590165
2016-08-22T00:00:00Z,570,290.87854838709677,17.055040322580645
2016-08-22T00:00:00Z,590,291.93617529880476,17.189521912350596
2016-08-22T00:00:00Z,610,286.0559036144578,17.29859437751004
2016-08-22T00:00:00Z,630,280.7349193548387,17.296693548387097
2016-08-22T00:00:00Z,650,282.9151612903226,17.32375
2016-08-22T00:00:00Z,670,297.4615573770492,17.03295081967213
2016-08-22T00:00:00Z,690,303.4644897959184,16.8965306122449
2016-08-22T00:00:00Z,710,310.93871900826446,16.632438016528926
2016-08-22T00:00:00Z,730,311.8017299578059,16.61071729957806
2016-08-22T00:00:00Z,750,312.4644214876033,16.574793388429754
2016-08-22T00:00:00Z,770,315.3086497890295,16.715443037974683
2016-08-22T00:00:00Z,790,313.49396694214875,16.688347107438016
2016-08-22T00:00:00Z,810,309.58432773109246,16.696050420168067
2016-08-22T00:00:00Z,830,316.31,16.733319327731092
2016-08-22T00:00:00Z,850,316.6793333333333,16.871166666666667
2016-08-22T00:00:00Z,870,315.4973076923077,17.17200854700855
2016-08-22T00:00:00Z,890,324.6415652173913,17.277565217391306
2016-08-22T00:00:00Z,910,337.18960869565217,17.19086956521739
2016-08-22T00:00:00Z,930,341.5557081545064,17.23283261802575
2016-08-22T00:00:00Z,950,340.2929535864979,17.238945147679324
2016-08-22T00:00:00Z,970,327.7519658119658,17.397008547008546
2016-08-22T00:00:00Z,990,332.2298739495798,17.387436974789917
2016-08-22T00:00:00Z,1010,321.4715319148936,17.21182978723404
2016-08-22T00:00:00Z,1030,319.57189873417724,17.353502109704642
2016-08-22T00:00:00Z,1050,333.5451694915254,17.162669491525424
2016-08-22T00:00:00Z,1070,352.3261581920904,16.830225988700565
2016-08-22T00:00:00Z,1090,362.6077099236641,16.400458015267176
2016-09-05T00:00:00Z,70,452.83247787610617,17.867699115044246
2016-09-05T00:00:00Z,90,421.901038961039,18.224718614718615
2016-09-05T00:00:00Z,110,408.7889641434263,18.192430278884462
2016-09-05T00:00:00Z,130,532.2567400881057,17.04330396475771
2016-09-05T00:00:00Z,150,401.09825112107626,18.238206278026905
2016-09-05T00:00:00Z,170,361.6488584474886,18.591552511415525
2016-09-05T00:00:00Z,190,362.0844976076555,18.62444976076555
2016-09-05T00:00:00Z,210,363.4947317073171,18.751121951219513
2016-09-05T00:00:00Z,230,376.86570048309176,18.870193236714975
2016-09-05T00:00:00Z,250,368.6135211267606,18.92164319248826
2016-09-05T00:00:00Z,270,370.45455399061035,18.66267605633803
2016-09-05T00:00:00Z,290,367.45280193236715,18.635748792270533
2016-09-05T00:00:00Z,310,364.5758415841584,18.769752475247525
2016-09-05T00:00:00Z,330,365.05374384236455,18.64320197044335
2016-09-05T00:00:00Z,350,368.6573933649289,18.449004739336495
2016-09-05T00:00:00Z,370,370.2726635514019,18.24710280373832
2016-09-05T00:00:00Z,390,363.3256435643564,18.007425742574256
2016-09-05T00:00:00Z,410,359.9262254901961,18.032794117647057
2016-09-05T00:00:00Z,430,363.10111650485436,17.589466019417475
2016-09-05T00:00:00Z,450,356.71885714285713,17.47533333333333
2016-09-05T00:00:00Z,470,353.56929292929294,17.495454545454546
2016-09-05T00:00:00Z,490,347.77116279069764,17.386356589147287
2016-09-05T00:00:00Z,510,331.8678,17.3109
2016-09-05T00:00:00Z,530,333.14769953051643,17.310422535211266
2016-09-05T00:00:00Z,550,339.15342723004693,17.26863849765258
2016-09-05T00:00:00Z,570,351.57495412844037,17.09926605504587
2016-09-05T00:00:00Z,590,334.5398190045249,17.322488687782805
2016-09-05T00:00:00Z,610,328.1126576576577,17.32009009009009
2016-09-05T00:00:00Z,630,323.3033179723502,17.354884792626727
2016-09-05T00:00:00Z,650,333.125,17.24247663551402
2016-09-05T00:00:00Z,670,338.74680555555557,17.055416666666666
2016-09-05T00:00:00Z,690,346.4527441860465,16.680372093023255
2016-09-05T00:00:00Z,710,348.0684905660377,16.4975
2016-09-05T00:00:00Z,730,348.0127358490566,16.571462264150945
2016-09-05T00:00:00Z,750,348.0149765258216,16.587089201877934
2016-09-05T00:00:00Z,770,354.02450236966826,16.49687203791469
2016-09-05T00:00:00Z,790,348.39361904761904,16.562714285714286
2016-09-05T00:00:00Z,810,345.6992924528302,16.584858490566038
2016-09-05T00:00:00Z,830,346.6327962085308,16.655545023696682
2016-09-05T00:00:00Z,850,353.9911004784689,16.525263157894738
2016-09-05T00:00:00Z,870,364.2879326923077,16.82048076923077
2016-09-05T00:00:00Z,890,374.2960891089109,16.94331683168317
2016-09-05T00:00:00Z,910,378.6730541871921,16.970098522167486
2016-09-05T00:00:00Z,930,386.51059405940595,16.771138613861385
2016-09-05T00:00:00Z,950,388.52870192307694,16.71173076923077
2016-09-05T00:00:00Z,970,395.78066666666666,16.957238095238097
2016-09-05T00:00:00Z,990,396.10590476190475,16.756285714285713
2016-09-05T00:00:00Z,1010,392.41553398058255,16.703495145631067
2016-09-05T00:00:00Z,1030,404.47648780487805,16.751121951219513
2016-09-05T00:00:00Z,1050,405.83458937198066,16.61975845410628
2016-09-05T00:00:00Z,1070,408.1596551724138,16.26110344827586
2016-09-05T00:00:00Z,1090,417.670625,15.9190625
2016-09-19T00:00:00Z,70,349.709375,16.2953125
2016-09-19T00:00:00Z,90,367.43142857142857,15.858
2016-09-19T00:00:00Z,110,383.2923076923077,15.553846153846154
2016-09-19T00:00:00Z,130,392.31970588235293,15.740294117647059
2016-09-19T00:00:00Z,150,372.24636363636364,16.64212121212121
2016-09-19T00:00:00Z,170,375.13774193548386,16.66225806451613
2016-09-19T00:00:00Z,190,378.6816666666667,16.542
2016-09-19T00:00:00Z,210,409.001,16.513333333333335
2016-09-19T00:00:00Z,230,439.903,16.404666666666667
2016-09-19T00:00:00Z,250,442.7754838709677,16.344193548387096
2016-09-19T00:00:00Z,270,442.4209677419355,16.316774193548387
2016-09-19T00:00:00Z,290,446.4963333333333,16.426
2016-09-19T00:00:00Z,310,428.81666666666666,16.802333333333333
2016-09-19T00:00:00Z,330,449.0510344827586,16.107241379310345
2016-09-19T00:00:00Z,350,452.021,15.940666666666667
2016-09-19T00:00:00Z,370,456.42533333333336,15.742666666666667
2016-09-19T00:00:00Z,390,470.29137931034484,15.543448275862069
2016-09-19T00:00:00Z,410,472.0806896551724,15.309310344827587
2016-09-19T00:00:00Z,430,499.9110344827586,14.957931034482758
2016-09-19T00:00:00Z,450,529.8767857142857,14.46
2016-09-19T00:00:00Z,470,489.2796666666667,14.571333333333333
2016-09-19T00:00:00Z,490,436.28809523809525,15.147619047619047
2016-09-19T00:00:00Z,510,430.62714285714287,15.227142857142857
2016-09-19T00:00:00Z,530,433.1492857142857,15.046071428571429
2016-09-19T00:00:00Z,550,444.588,14.865333333333334
2016-09-19T00:00:00Z,570,501.50206896551725,14.595172413793103
2016-09-19T00:00:00Z,590,656.0077419354839,12.88967741935484
2016-09-19T00:00:00Z,610,638.578,11.382
2016-09-19T00:00:00Z,630,451.1748275862069,13.285862068965518
2016-09-19T00:00:00Z,650,391.27096774193546,14.832258064516129
2016-09-19T00:00:00Z,670,404.687,14.859333333333334
2016-09-19T00:00:00Z,690,418.0941379310345,14.627586206896552
2016-09-19T00:00:00Z,710,427.57827586206895,14.41793103448276
2016-09-19T00:00:00Z,730,440.2423333333333,14.167
2016-09-19T00:00:00Z,750,443.172,13.783666666666667
2016-09-19T00:00:00Z,770,440.86833333333334,14.194
2016-09-19T00:00:00Z,790,440.44466666666665,14.187333333333333
2016-09-19T00:00:00Z,810,446.096,14.163333333333334
2016-09-19T00:00:00Z,830,430.2774193548387,14.005483870967742
2016-09-19T00:00:00Z,850,436.0303333333333,14.413666666666666
2016-09-19T00:00:00Z,870,464.6893333333333,14.627
2016-09-19T00:00:00Z,890,472.3710344827586,14.390344827586206
2016-09-19T00:00:00Z,910,502.7351724137931,14.334827586206897
2016-09-19T00:00:00Z,930,506.26620689655175,14.261379310344827
2016-09-19T00:00:00Z,950,565.7396551724138,14.028620689655172
2016-09-19T00:00:00Z,970,659.7816129032258,13.058064516129033
2016-09-19T00:00:00Z,990,568.0235483870968,13.460322580645162
2016-09-19T00:00:00Z,1010,510.24806451612903,14.656774193548387
2016-09-19T00:00:00Z,1030,628.9925806451613,13.874516129032259
2016-09-19T00:00:00Z,1050,699.3187096774194,13.116451612903226
2016-09-19T00:00:00Z,1070,545.2817647058823,13.74529411764706
2016-10-03T00:00:00Z,70,527.8879527559055,13.925039370078741
2016-10-03T00:00:00Z,90,509.4497014925373,13.898843283582089
2016-10-03T00:00:00Z,110,531.1201736111111,13.92736111111111
2016-10-03T00:00:00Z,130,541.0058076923077,13.9755
2016-10-03T00:00:00Z,150,527.656968503937,14.013228346456692
2016-10-03T00:00:00Z,170,511.9630039525692,14.177272727272728
2016-10-03T00:00:00Z,190,506.9456967213115,14.298565573770492
2016-10-03T00:00:00Z,210,508.9297510373444,14.384398340248962
2016-10-03T00:00:00Z,230,520.0769491525424,14.26843220338983
2016-10-03T00:00:00Z,250,502.54459677419356,14.423306451612904
2016-10-03T00:00:00Z,270,507.8465991902834,14.00578947368421
2016-10-03T00:00:00Z,290,518.5696680497925,13.750788381742739
2016-10-03T00:00:00Z,310,513.4641379310344,13.889568965517242
2016-10-03T00:00:00Z,330,514.1625957446809,13.713446808510637
2016-10-03T00:00:00Z,350,522.1881818181819,13.545367965367966
2016-10-03T00:00:00Z,370,529.2607792207792,13.348831168831168
2016-10-03T00:00:00Z,390,526.7690557939915,13.33489270386266
2016-10-03T00:00:00Z,410,535.8872103004292,13.000085836909872
2016-10-03T00:00:00Z,430,533.2427777777777,12.944188034188034
2016-10-03T00:00:00Z,450,528.9276569037656,13.115271966527196
2016-10-03T00:00:00Z,470,530.336,12.859857142857143
2016-10-03T00:00:00Z,490,538.8422535211267,12.666901408450704
2016-10-03T00:00:00Z,510,526.7009395973155,12.717114093959731
2016-10-03T00:00:00Z,530,502.8734836065574,12.819262295081968
2016-10-03T00:00:00Z,550,497.19642276422763,12.828943089430894
2016-10-03T00:00:00Z,570,503.5132244897959,12.629755102040816
2016-10-03T00:00:00Z,590,508.39534136546183,12.39847389558233
2016-10-03T00:00:00Z,610,529.4333603238866,12.041336032388664
2016-10-03T00:00:00Z,630,539.0524390243902,11.786951219512195
2016-10-03T00:00:00Z,650,547.7510655737705,11.6625
2016-10-03T00:00:00Z,670,581.4141056910569,10.966626016260163
2016-10-03T00:00:00Z,690,512.6593442622951,11.711762295081968
2016-10-03T00:00:00Z,710,472.6579423868313,11.92925925925926
2016-10-03T00:00:00Z,730,475.59489711934157,11.715349794238684
2016-10-03T00:00:00Z,750,487.50164609053496,11.502098765432098
2016-10-03T00:00:00Z,770,492.80518672199173,11.38103734439834
2016-10-03T00:00:00Z,790,490.62502040816327,11.881551020408164
2016-10-03T00:00:00Z,810,518.9567083333334,11.530375
2016-10-03T00:00:00Z,830,597.0483471074381,10.947768595041323
2016-10-03T00:00:00Z,850,585.232875,11.396375
2016-10-03T00:00:00Z,870,578.9355785123967,11.635495867768595
2016-10-03T00:00:00Z,890,641.1068558951965,11.19877729257642
2016-10-03T00:00:00Z,910,635.6344635193133,11.697339055793991
2016-10-03T00:00:00Z,930,548.1332051282051,12.441153846153846
2016-10-03T00:00:00Z,950,573.0023529411765,12.129579831932773
2016-10-03T00:00:00Z,970,550.028375,12.545083333333332
2016-10-03T00:00:00Z,990,537.1758227848102,12.546160337552744
2016-10-03T00:00:00Z,1010,541.592255319149,12.601744680851064
2016-10-03T00:00:00Z,1030,585.9768907563025,11.981134453781513
2016-10-03T00:00:00Z,1050,605.9723605150215,11.922832618025751
2016-10-03T00:00:00Z,1070,549.1139106145251,12.359720670391061
2016-10-03T00:00:00Z,1090,523.9573643410853,12.482868217054264
2016-10-17T00:00:00Z,70,398.50107569721115,11.293864541832669
2016-10-17T00:00:00Z,90,429.56494208494206,11.44957528957529
2016-10-17T00:00:00Z,110,431.06123674911663,11.594664310954064
2016-10-17T00:00:00Z,130,427.3228571428571,11.705482625482626
2016-10-17T00:00:00Z,150,447.1926953125,11.9913671875
2016-10-17T00:00:00Z,170,472.1065737051793,12.348605577689243
2016-10-17T00:00:00Z,190,489.4401639344262,12.740491803278688
2016-10-17T00:00:00Z,210,483.0355042016807,12.631596638655463
2016-10-17T00:00:00Z,230,481.1181932773109,12.332605042016807
2016-10-17T00:00:00Z,250,483.9286991869919,12.325650406504066
2016-10-17T00:00:00Z,270,505.2265737051793,11.76398406374502
2016-10-17T00:00:00Z,290,524.5354583333333,11.533708333333333
2016-10-17T00:00:00Z,310,528.9537130801688,11.85620253164557
2016-10-17T00:00:00Z,330,524.7652564102564,11.954957264957265
2016-10-17T00:00:00Z,350,525.7289787234042,11.893106382978724
2016-10-17T00:00:00Z,370,523.9602145922747,11.826051502145923
2016-10-17T00:00:00Z,390,522.9463675213675,11.720598290598291
2016-10-17T00:00:00Z,410,527.090170940171,11.591709401709402
2016-10-17T00:00:00Z,430,525.996170212766,11.517106382978724
2016-10-17T00:00:00Z,450,517.991625,11.635583333333333
2016-10-17T00:00:00Z,470,513.937290640394,11.621280788177339
2016-10-17T00:00:00Z,490,528.4296732026144,11.384248366013072
2016-10-17T00:00:00Z,510,536.4606849315069,11.232602739726028
2016-10-17T00:00:00Z,530,535.2716260162601,11.113780487804878
2016-10-17T00:00:00Z,550,520.1081300813008,10.955853658536585
2016-10-17T00:00:00Z,570,501.58416326530613,11.061877551020409
2016-10-17T00:00:00Z,590,504.53076923076924,10.841174089068826
2016-10-17T00:00:00Z,610,503.4800796812749,10.701673306772909
2016-10-17T00:00:00Z,630,503.71224899598394,10.759558232931727
2016-10-17T00:00:00Z,650,509.5042741935484,10.674435483870967
2016-10-17T00:00:00Z,670,512.5134008097166,10.663724696356276
2016-10-17T00:00:00Z,690,504.91773279352225,10.29761133603239
2016-10-17T00:00:00Z,710,502.796265560166,9.586721991701245
2016-10-17T00:00:00Z,730,506.49402489626556,9.469626556016598
2016-10-17T00:00:00Z,750,507.8198760330579,9.199132231404958
2016-10-17T00:00:00Z,770,507.7359336099585,9.183112033195021
2016-10-17T00:00:00Z,790,516.9526970954357,9.223153526970954
2016-10-17T00:00:00Z,810,538.6190871369295,8.796639004149378
2016-10-17T00:00:00Z,830,540.3522222222222,8.490452674897119
2016-10-17T00:00:00Z,850,526.7697916666667,9.02725
2016-10-17T00:00:00Z,870,550.1805857740586,9.302384937238493
2016-10-17T00:00:00Z,890,547.2434051724138,9.109310344827586
2016-10-17T00:00:00Z,910,550.2671367521367,9.519273504273505
2016-10-17T00:00:00Z,930,564.6125531914894,9.869319148936171
2016-10-17T00:00:00Z,950,560.7910833333333,9.933833333333334
2016-10-17T00:00:00Z,970,556.2169620253164,9.92957805907173
2016-10-17T00:00:00Z,990,557.0001260504201,10.06672268907563
2016-10-17T00:00:00Z,1010,573.7373221757322,9.807489539748953
2016-10-17T00:00:00Z,1030,597.7887346938776,9.331061224489796
2016-10-17T00:00:00Z,1050,578.1947736625515,9.650493827160494
2016-10-17T00:00:00Z,1070,573.8455737704918,9.745191256830601
2016-10-17T00:00:00Z,1090,559.6024615384615,9.806461538461539
2016-10-31T00:00:00Z,70,355.9277566539924,9.393498098859316
2016-10-31T00:00:00Z,90,369.832641509434,9.328679245283018
2016-10-31T00:00:00Z,110,401.48575342465756,9.275890410958905
2016-10-31T00:00:00Z,130,424.2675187969925,9.755
2016-10-31T00:00:00Z,150,419.8491923076923,10.096384615384615
2016-10-31T00:00:00Z,170,442.2143461538462,10.396961538461538
2016-10-31T00:00:00Z,190,445.79446721311473,10.329180327868853
2016-10-31T00:00:00Z,210,439.6068067226891,10.216470588235294
2016-10-31T00:00:00Z,230,436.15531914893614,10.17863829787234
2016-10-31T00:00:00Z,250,466.5142738589212,10.333817427385892
2016-10-31T00:00:00Z,270,485.6355060728745,10.422712550607287
2016-10-31T00:00:00Z,290,497.1824481327801,10.481701244813278
2016-10-31T00:00:00Z,310,510.09222222222223,10.475042735042734
2016-10-31T00:00:00Z,330,519.9308658008658,10.183116883116883
2016-10-31T00:00:00Z,350,525.5829184549356,9.91871244635193
2016-10-31T00:00:00Z,370,526.2344827586207,9.670172413793104
2016-10-31T00:00:00Z,390,538.7153879310345,9.51168103448276
2016-10-31T00:00:00Z,410,545.0123275862069,9.489051724137932
2016-10-31T00:00:00Z,430,555.6546956521739,9.219260869565218
2016-10-31T00:00:00Z,450,568.47194092827,8.965485232067511
2016-10-31T00:00:00Z,470,553.7898469387756,8.80872448979592
2016-10-31T00:00:00Z,490,556.3153416149069,9.102298136645963
2016-10-31T00:00:00Z,510,550.7611188811189,9.298321678321678
2016-10-31T00:00:00Z,530,536.6172950819672,8.811967213114754
2016-10-31T00:00:00Z,550,519.970658436214,8.646008230452674
2016-10-31T00:00:00Z,570,513.079024390244,8.505121951219513
2016-10-31T00:00:00Z,590,516.6136585365854,8.618739837398374
2016-10-31T00:00:00Z,610,526.7047520661157,8.562685950413224
2016-10-31T00:00:00Z,630,537.6302868852459,8.509877049180329
2016-10-31T00:00:00Z,650,546.8101646090535,8.198395061728394
2016-10-31T00:00:00Z,670,551.7828278688525,7.894918032786885
2016-10-31T00:00:00Z,690,552.7073858921162,7.693236514522821
2016-10-31T00:00:00Z,710,540.1807883817428,7.565892116182573
2016-10-31T00:00:00Z,730,537.9034728033473,7.504016736401674
2016-10-31T00:00:00Z,750,547.9509166666667,7.228958333333333
2016-10-31T00:00:00Z,770,543.7014345991561,7.159324894514768
2016-10-31T00:00:00Z,790,542.1398755186722,7.170539419087137
2016-10-31T00:00:00Z,810,548.4185355648535,7.066778242677824
2016-10-31T00:00:00Z,830,556.2098744769875,6.932050209205021
2016-10-31T00:00:00Z,850,560.1997095435685,6.710788381742739
2016-10-31T00:00:00Z,870,552.6464730290456,6.955228215767635
2016-10-31T00:00:00Z,890,583.9583620689655,7.079482758620689
2016-10-31T00:00:00Z,910,606.6869198312236,6.904261603375527
2016-10-31T00:00:00Z,930,562.9264285714286,7.284243697478992
2016-10-31T00:00:00Z,950,550.08805907173,7.351181434599156
2016-10-31T00:00:00Z,970,542.0494042553191,7.5503829787234045
2016-10-31T00:00:00Z,990,545.1064583333333,7.44025
2016-10-31T00:00:00Z,1010,546.4269958847736,7.391604938271605
2016-10-31T00:00:00Z,1030,563.2743697478992,7.265756302521009
2016-10-31T00:00:00Z,1050,575.54675,7.221125
2016-10-31T00:00:00Z,1070,570.4212903225806,7.341344086021506
2016-10-31T00:00:00Z,1090,559.5528676470589,7.52014705882353
2016-11-14T00:00:00Z,70,369.27927710843375,7.276706827309237
2016-11-14T00:00:00Z,90,378.51444015444014,7.292084942084942
2016-11-14T00:00:00Z,110,401.2289795918367,7.384183673469388
2016-11-14T00:00:00Z,130,404.9352734375,7.4874609375
2016-11-14T00:00:00Z,150,418.63626459143967,7.924824902723735
2016-11-14T00:00:00Z,170,435.6827822580645,8.583064516129033
2016-11-14T00:00:00Z,190,433.8525726141079,8.5998755186722
2016-11-14T00:00:00Z,210,436.606,8.65575
2016-11-14T00:00:00Z,230,440.19978902953585,8.671814345991562
2016-11-14T00:00:00Z,250,447.3291869918699,8.6980081300813
2016-11-14T00:00:00Z,270,462.80399176954734,8.659300411522633
2016-11-14T00:00:00Z,290,472.4133898305085,8.825296610169492
2016-11-14T00:00:00Z,310,484.33152838427947,8.978034934497817
2016-11-14T00:00:00Z,330,490.7294323144105,8.817423580786027
2016-11-14T00:00:00Z,350,493.6537229437229,8.514502164502165
2016-11-14T00:00:00Z,370,499.5873043478261,8.10608695652174
2016-11-14T00:00:00Z,390,505.664329004329,8.001774891774891
2016-11-14T00:00:00Z,410,504.7030131004367,7.943886462882096
2016-11-14T00:00:00Z,430,511.08894736842103,7.893859649122807
2016-11-14T00:00:00Z,450,518.274678111588,7.933175965665236
2016-11-14T00:00:00Z,470,519.0395964125561,7.921928251121076
2016-11-14T00:00:00Z,490,522.4241304347826,7.84427536231884
2016-11-14T00:00:00Z,510,527.8816666666667,7.6244736842105265
2016-11-14T00:00:00Z,530,531.7263445378152,7.497058823529412
2016-11-14T00:00:00Z,550,550.9407627118644,7.1596186440677965
2016-11-14T00:00:00Z,570,539.3584583333334,7.106083333333333
2016-11-14T00:00:00Z,590,531.9353278688525,7.206229508196722
2016-11-14T00:00:00Z,610,514.4314919354839,7.2484677419354835
2016-11-14T00:00:00Z,630,514.127131147541,7.322827868852459
2016-11-14T00:00:00Z,650,523.3346280991735,6.9850826446281
2016-11-14T00:00:00Z,670,523.9993902439024,6.688292682926829
2016-11-14T00:00:00Z,690,522.289958506224,6.854273858921162
2016-11-14T00:00:00Z,710,521.9005371900827,6.555909090909091
2016-11-14T00:00:00Z,730,512.6107916666666,6.678875
2016-11-14T00:00:00Z,750,513.9254166666667,6.672291666666666
2016-11-14T00:00:00Z,770,517.0606172839506,6.506502057613169
2016-11-14T00:00:00Z,790,520.2116666666667,6.490375
2016-11-14T00:00:00Z,810,523.0871966527196,6.395146443514644
2016-11-14T00:00:00Z,830,519.0970711297072,6.308744769874477
2016-11-14T00:00:00Z,850,529.0826582278481,6.230295358649789
2016-11-14T00:00:00Z,870,538.1973109243697,6.081260504201681
2016-11-14T00:00:00Z,890,538.1022317596567,6.119957081545064
2016-11-14T00:00:00Z,910,539.8707391304348,6.087260869565218
2016-11-14T00:00:00Z,930,541.13,6.124957983193277
2016-11-14T00:00:00Z,950,538.7549387755103,6.085061224489796
2016-11-14T00:00:00Z,970,540.3769709543568,6.159419087136929
2016-11-14T00:00:00Z,990,534.5262809917356,5.974876033057852
2016-11-14T00:00:00Z,1010,527.7201646090535,5.918189300411522
2016-11-14T00:00:00Z,1030,529.7468825910931,5.882105263157895
2016-11-14T00:00:00Z,1050,543.140243902439,5.740609756097561
2016-11-14T00:00:00Z,1070,548.4261137440758,5.7759715639810425
2016-11-14T00:00:00Z,1090,528.7552112676057,5.660774647887324
2016-11-28T00:00:00Z,70,445.8870281124498,6.570682730923695
2016-11-28T00:00:00Z,90,445.9564728682171,6.430193798449612
2016-11-28T00:00:00Z,110,432.3297153024911,6.282348754448399
2016-11-28T00:00:00Z,130,407.3533073929961,6.227898832684825
2016-11-28T00:00:00Z,150,412.931673151751,6.67420233463035
2016-11-28T00:00:00Z,170,425.2024291497976,7.0593117408906885
2016-11-28T00:00:00Z,190,429.8101255230126,7.194142259414226
2016-11-28T00:00:00Z,210,428.34110638297875,7.124
2016-11-28T00:00:00Z,230,432.2483898305085,7.396313559322034
2016-11-28T00:00:00Z,250,436.28411522633746,7.474897119341564
2016-11-28T00:00:00Z,270,446.75943089430893,7.677764227642276
2016-11-28T00:00:00Z,290,452.9668619246862,7.857824267782427
2016-11-28T00:00:00Z,310,460.5204310344828,7.954181034482758
2016-11-28T00:00:00Z,330,463.5785652173913,8.008695652173913
2016-11-28T00:00:00Z,350,462.42618025751074,7.861545064377682
2016-11-28T00:00:00Z,370,475.60795652173914,7.5136521739130435
2016-11-28T00:00:00Z,390,501.7814347826087,7.09
2016-11-28T00:00:00Z,410,516.4904310344828,6.689870689655172
2016-11-28T00:00:00Z,430,540.891341991342,6.598268398268398
2016-11-28T00:00:00Z,450,561.0534836065574,6.406024590163934
2016-11-28T00:00:00Z,470,581.1434158415842,6.220544554455445
2016-11-28T00:00:00Z,490,579.0908609271523,6.12569536423841
2016-11-28T00:00:00Z,510,583.5152482269503,6.173475177304964
2016-11-28T00:00:00Z,530,595.1471008403362,6.194579831932773
2016-11-28T00:00:00Z,550,577.61673553719,6.0555785123966945
2016-11-28T00:00:00Z,570,538.353375,6.094541666666666
2016-11-28T00:00:00Z,590,529.2623170731707,5.967764227642276
2016-11-28T00:00:00Z,610,524.5329098360655,5.877418032786886
2016-11-28T00:00:00Z,630,523.4741152263374,5.805884773662552
2016-11-28T00:00:00Z,650,529.9248163265306,5.784775510204081
2016-11-28T00:00:00Z,670,541.0751652892562,5.955
2016-11-28T00:00:00Z,690,538.2870661157025,5.972479338842975
2016-11-28T00:00:00Z,710,535.0839004149377,6.01149377593361
2016-11-28T00:00:00Z,730,533.5713191489361,5.851659574468085
2016-11-28T00:00:00Z,750,535.553659574468,5.6759574468085106
2016-11-28T00:00:00Z,770,535.7165546218488,5.637268907563025
2016-11-28T00:00:00Z,790,537.9852521008403,5.57735294117647
2016-11-28T00:00:00Z,810,542.3262605042016,5.5158403361344535
2016-11-28T00:00:00Z,830,525.4487341772152,5.32
2016-11-28T00:00:00Z,850,522.5989406779661,5.197584745762712
2016-11-28T00:00:00Z,870,511.08382978723404,5.120808510638298
2016-11-28T00:00:00Z,890,491.2183982683983,5.057619047619047
2016-11-28T00:00:00Z,910,497.67489361702127,4.954127659574468
2016-11-28T00:00:00Z,930,501.10693617021275,4.841872340425532
2016-11-28T00:00:00Z,950,489.16740585774056,4.737196652719665
2016-11-28T00:00:00Z,970,489.16029787234044,4.784808510638298
2016-11-28T00:00:00Z,990,498.41843220338984,4.665720338983051
2016-11-28T00:00:00Z,1010,490.82086419753085,4.612098765432099
2016-11-28T00:00:00Z,1030,490.083179916318,4.58276150627615
2016-11-28T00:00:00Z,1050,492.36823529411765,4.556680672268907
2016-11-28T00:00:00Z,1070,506.26537234042553,4.467765957446809
2016-11-28T00:00:00Z,1090,491.6935658914729,4.310077519379845
2016-12-12T00:00:00Z,70,418.4791666666667,5.903645833333333
2016-12-12T00:00:00Z,90,423.32803921568626,5.836568627450981
2016-12-12T00:00:00Z,110,409.78522522522525,5.6327927927927925
2016-12-12T00:00:00Z,130,413.0958163265306,5.790510204081633
2016-12-12T00:00:00Z,150,418.5531632653061,6.3956122448979595
2016-12-12T00:00:00Z,170,424.8342105263158,6.668631578947369
2016-12-12T00:00:00Z,190,420.60648351648354,6.632747252747253
2016-12-12T00:00:00Z,210,413.6710227272727,6.519204545454546
2016-12-12T00:00:00Z,230,413.2103333333333,6.422444444444444
2016-12-12T00:00:00Z,250,417.9549462365591,6.673655913978495
2016-12-12T00:00:00Z,270,431.21858695652173,6.980108695652174
2016-12-12T00:00:00Z,290,444.70065217391306,7.316195652173913
2016-12-12T00:00:00Z,310,448.85897727272726,7.3725
2016-12-12T00:00:00Z,330,454.22402298850574,7.102758620689655
2016-12-12T00:00:00Z,350,474.96134831460677,6.736966292134832
2016-12-12T00:00:00Z,370,495.70376470588235,6.310470588235294
2016-12-12T00:00:00Z,390,508.4964772727273,6.206022727272727
2016-12-12T00:00:00Z,410,531.44,5.975747126436781
2016-12-12T00:00:00Z,430,533.6745454545454,5.828181818181818
2016-12-12T00:00:00Z,450,527.8202298850574,5.809540229885058
2016-12-12T00:00:00Z,470,529.5438636363637,5.694431818181818
2016-12-12T00:00:00Z,490,562.6425,5.616458333333333
2016-12-12T00:00:00Z,510,543.5334210526316,5.591052631578948
2016-12-12T00:00:00Z,530,529.3648863636364,5.544659090909091
2016-12-12T00:00:00Z,550,551.5185227272727,5.401363636363636
2016-12-12T00:00:00Z,570,503.44280898876406,5.444269662921348
2016-12-12T00:00:00Z,590,500.51054945054943,5.422527472527473
2016-12-12T00:00:00Z,610,492.9916304347826,5.2556521739130435
2016-12-12T00:00:00Z,630,507.22215053763443,5.667634408602151
2016-12-12T00:00:00Z,650,507.26935483870966,5.871290322580645
2016-12-12T00:00:00Z,670,503.0015053763441,5.751397849462365
2016-12-12T00:00:00Z,690,502.8051648351648,5.315164835164835
2016-12-12T00:00:00Z,710,508.9151086956522,5.4748913043478264
2016-12-12T00:00:00Z,730,503.6594565217391,5.506521739130434
2016-12-12T00:00:00Z,750,504.2943956043956,5.22065934065934
2016-12-12T00:00:00Z,770,514.3118681318681,5.132307692307692
2016-12-12T00:00:00Z,790,518.1336666666666,5.081888888888889
2016-12-12T00:00:00Z,810,502.691,4.712444444444444
2016-12-12T00:00:00Z,830,491.3558241758242,4.481868131868132
2016-12-12T00:00:00Z,850,495.2402222222222,4.346444444444445
2016-12-12T00:00:00Z,870,487.73329670329673,4.29978021978022
2016-12-12T00:00:00Z,890,482.2950574712644,4.274942528735632
2016-12-12T00:00:00Z,910,478.51666666666665,4.164942528735632
2016-12-12T00:00:00Z,930,471.25011235955054,4.018314606741573
2016-12-12T00:00:00Z,950,477.45910112359553,3.9628089887640447
2016-12-12T00:00:00Z,970,474.59647727272727,3.9817045454545457
2016-12-12T00:00:00Z,990,480.88545454545454,3.9032954545454546
2016-12-12T00:00:00Z,1010,475.0078260869565,3.7831521739130434
2016-12-12T00:00:00Z,1030,469.3198888888889,3.6733333333333333
2016-12-12T00:00:00Z,1050,470.0689010989011,3.4718681318681317
2016-12-12T00:00:00Z,1070,479.6897297297297,3.2836486486486485
2016-12-12T00:00:00Z,1090,463.8149230769231,2.709230769230769
2016-12-26T00:00:00Z,70,443.8372,5.30128
2016-12-26T00:00:00Z,90,457.35144,5.29712
2016-12-26T00:00:00Z,110,457.4725179856115,5.304676258992806
2016-12-26T00:00:00Z,130,432.85285714285715,5.2040476190476195
2016-12-26T00:00:00Z,150,425.1447244094488,5.410629921259843
2016-12-26T00:00:00Z,170,430.249837398374,5.554390243902439
2016-12-26T00:00:00Z,190,427.62644628099173,5.459338842975207
2016-12-26T00:00:00Z,210,429.51305084745763,5.709661016949153
2016-12-26T00:00:00Z,230,430.91224137931033,5.714224137931034
2016-12-26T00:00:00Z,250,431.9291869918699,5.9017886178861785
2016-12-26T00:00:00Z,270,433.8528,6.13264
2016-12-26T00:00:00Z,290,441.59633333333335,6.398166666666667
2016-12-26T00:00:00Z,310,446.84093220338985,6.46406779661017
2016-12-26T00:00:00Z,330,453.1306666666667,6.628916666666667
2016-12-26T00:00:00Z,350,452.22361344537813,6.553193277310925
2016-12-26T00:00:00Z,370,457.86716666666666,6.525083333333334
2016-12-26T00:00:00Z,390,466.68363636363637,6.465289256198347
2016-12-26T00:00:00Z,410,559.577213114754,5.966967213114754
2016-12-26T00:00:00Z,430,573.2600900900901,5.566036036036036
2016-12-26T00:00:00Z,450,558.6723762376238,5.350891089108911
2016-12-26T00:00:00Z,470,560.1263953488373,5.050348837209302
2016-12-26T00:00:00Z,490,548.0856923076923,4.995230769230769
2016-12-26T00:00:00Z,510,559.2666176470589,4.994852941176471
2016-12-26T00:00:00Z,530,543.8706185567011,4.857216494845361
2016-12-26T00:00:00Z,550,542.0488775510204,4.5955102040816325
2016-12-26T00:00:00Z,570,530.9235353535354,4.709292929292929
2016-12-26T00:00:00Z,590,525.8175961538461,4.65701923076923
2016-12-26T00:00:00Z,610,514.8539423076924,4.650288461538461
2016-12-26T00:00:00Z,630,512.9680198019802,4.723861386138614
2016-12-26T00:00:00Z,650,499.48278350515466,4.770618556701031
2016-12-26T00:00:00Z,670,496.7040625,4.741041666666667
2016-12-26T00:00:00Z,690,507.2013684210526,4.897578947368421
2016-12-26T00:00:00Z,710,497.9452127659574,4.896808510638298
2016-12-26T00:00:00Z,730,497.9728125,4.753125
2016-12-26T00:00:00Z,750,487.3852083333333,4.500729166666667
2016-12-26T00:00:00Z,770,496.01936170212764,4.462978723404255
2016-12-26T00:00:00Z,790,499.9952631578947,4.478
2016-12-26T00:00:00Z,810,498.1544680851064,4.491170212765957
2016-12-26T00:00:00Z,830,488.80172043010754,4.3610752688172045
2016-12-26T00:00:00Z,850,491.21905263157896,4.257052631578947
2016-12-26T00:00:00Z,870,496.97268817204304,4.116666666666666
2016-12-26T00:00:00Z,890,478.0707865168539,3.9570786516853933
2016-12-26T00:00:00Z,910,470.95096774193547,3.6896774193548385
2016-12-26T00:00:00Z,930,477.50055555555554,3.588111111111111
2016-12-26T00:00:00Z,950,486.070989010989,3.5171428571428573
2016-12-26T00:00:00Z,970,472.99808988764045,3.427752808988764
2016-12-26T00:00:00Z,990,473.9407777777778,3.454222222222222
2016-12-26T00:00:00Z,1010,479.43043956043954,3.375714285714286
2016-12-26T00:00:00Z,1030,533.3379120879121,3.3812087912087914
2016-12-26T00:00:00Z,1050,519.83741573033706,3.2320224719101125
2016-12-26T00:00:00Z,1070,505.8472602739726,3.0905479452054796
2016-12-26T00:00:00Z,1090,547.8767692307692,3.0584615384615383
